t_s,signal_clean,noise,signal_noisy,sample_rate_hz
0.0,0.0,0.060943,0.060943,250.0
0.004,0.07275,-0.207997,-0.135246,250.0
0.008,0.144696,0.15009,0.294786,250.0
0.012,0.215044,0.188113,0.403157,250.0
0.016,0.283027,-0.390207,-0.10718,250.0
0.02,0.347914,-0.260436,0.087478,250.0
0.024,0.409022,0.025568,0.43459,250.0
0.028,0.465726,-0.063249,0.402478,250.0
0.032,0.51747,-0.00336,0.51411,250.0
0.036,0.563775,-0.170609,0.393166,250.0
0.04,0.604244,0.17588,0.780123,250.0
0.044,0.638572,0.155558,0.79413,250.0
0.048,0.666548,0.013206,0.679754,250.0
0.052,0.68806,0.225448,0.913508,250.0
0.056,0.703094,0.093502,0.796595,250.0
0.06,0.711735,-0.171858,0.539876,250.0
0.064,0.714167,0.07375,0.787917,250.0
0.068,0.710669,-0.191777,0.518893,250.0
0.072,0.701609,0.17569,0.8773,250.0
0.076,0.687441,-0.009985,0.677456,250.0
0.08,0.668692,-0.036972,0.63172,250.0
0.084,0.645962,-0.136186,0.509776,250.0
0.088,0.619907,0.244508,0.864415,250.0
0.092,0.591231,-0.030906,0.560325,250.0
0.096,0.560675,-0.085666,0.47501,250.0
0.1,0.529007,-0.070427,0.45858,250.0
0.104,0.497004,0.106462,0.603466,250.0
0.108,0.465446,0.073089,0.538535,250.0
0.112,0.435101,0.082547,0.517647,250.0
0.116,0.406709,0.086164,0.492873,250.0
0.12,0.380978,0.42833,0.809308,250.0
0.124,0.358566,-0.081283,0.277283,250.0
0.128,0.340073,-0.102449,0.237624,250.0
0.132,0.326031,-0.162755,0.163276,250.0
0.136,0.316895,0.123196,0.440091,250.0
0.14,0.313039,0.225794,0.538834,250.0
0.144,0.314745,-0.022789,0.291955,250.0
0.148,0.3222,-0.168031,0.154168,250.0
0.152,0.335495,-0.164896,0.170598,250.0
0.156,0.354621,0.130119,0.48474,250.0
0.16,0.379473,0.148651,0.528123,250.0
0.164,0.409843,0.108631,0.518474,250.0
0.168,0.445434,-0.133102,0.312332,250.0
0.172,0.485857,0.046432,0.532289,250.0
0.176,0.530638,0.023337,0.553976,250.0
0.18,0.57923,0.043738,0.622968,250.0
0.184,0.631016,0.174286,0.805301,250.0
0.188,0.68532,0.044719,0.730039,250.0
0.192,0.74142,0.135783,0.877203,250.0
0.196,0.798558,0.013516,0.812074,250.0
0.2,0.855951,0.057824,0.913775,250.0
0.204,0.912803,0.126258,1.039061,250.0
0.208,0.968319,-0.291431,0.676888,250.0
0.212,1.021718,-0.063934,0.957784,250.0
0.216,1.072243,-0.094075,0.978168,250.0
0.22,1.119173,-0.127776,0.991397,250.0
0.224,1.161836,-0.055028,1.106808,250.0
0.228,1.199621,0.298988,1.498609,250.0
0.232,1.231981,-0.173166,1.058815,250.0
0.236,1.258451,0.193656,1.452107,250.0
0.24,1.278647,-0.336574,0.942073,250.0
0.244,1.292275,-0.066977,1.225298,250.0
0.248,1.29914,0.032551,1.33169,250.0
0.252,1.29914,0.117244,1.416384,250.0
0.256,1.292275,0.142245,1.434521,250.0
0.26,1.278647,0.158669,1.437316,250.0
0.264,1.258451,-0.069745,1.188706,250.0
0.268,1.231981,-0.09247,1.139511,250.0
0.272,1.199621,0.171595,1.371216,250.0
0.276,1.161836,-0.038261,1.123575,250.0
0.28,1.119173,-0.255137,0.864035,250.0
0.284,1.072243,-0.226657,0.845585,250.0
0.288,1.021718,-0.18389,0.837828,250.0
0.292,0.968319,0.099432,1.067752,250.0
0.296,0.912803,0.028485,0.941288,250.0
0.3,0.855951,0.138097,0.994048,250.0
0.304,0.798558,-0.085451,0.713108,250.0
0.308,0.74142,0.031708,0.773128,250.0
0.312,0.68532,0.125118,0.810438,250.0
0.316,0.631016,-0.061869,0.569146,250.0
0.32,0.57923,0.091355,0.670585,250.0
0.324,0.530638,-0.132385,0.398253,250.0
0.328,0.485857,-0.072611,0.413246,250.0
0.332,0.445434,-0.076348,0.369087,250.0
0.336,0.409843,-0.239168,0.170675,250.0
0.34,0.379473,0.097394,0.476867,250.0
0.344,0.354621,-0.09388,0.260741,250.0
0.348,0.335495,0.002499,0.337993,250.0
0.352,0.3222,0.096149,0.418349,250.0
0.356,0.314745,0.089306,0.404051,250.0
0.36,0.313039,0.133077,0.446116,250.0
0.364,0.316895,-0.019697,0.297198,250.0
0.368,0.326031,-0.08466,0.241371,250.0
0.372,0.340073,-0.015944,0.324129,250.0
0.376,0.358566,-0.337467,0.021099,250.0
0.38,0.380978,-0.289422,0.091556,250.0
0.384,0.406709,-0.26454,0.142169,250.0
0.388,0.435101,-0.199449,0.235651,250.0
0.392,0.465446,0.079955,0.545401,250.0
0.396,0.497004,-0.181096,0.315908,250.0
0.4,0.529007,-0.075633,0.453374,250.0
0.404,0.560675,0.259846,0.820521,250.0
0.408,0.591231,-0.071253,0.519978,250.0
0.412,0.619907,0.147503,0.76741,250.0
0.416,0.645962,-0.186724,0.459239,250.0
0.42,0.668692,-0.041088,0.627605,250.0
0.424,0.687441,-0.190004,0.497436,250.0
0.428,0.701609,-0.067807,0.633803,250.0
0.432,0.710669,0.168062,0.878731,250.0
0.436,0.714167,-0.345464,0.368703,250.0
0.44,0.711735,0.086885,0.798619,250.0
0.444,0.703094,0.047547,0.750641,250.0
0.448,0.68806,-0.11883,0.56923,250.0
0.452,0.666548,-0.289212,0.377337,250.0
0.456,0.638572,0.014426,0.652998,250.0
0.46,0.604244,-0.105899,0.498345,250.0
0.464,0.563775,0.046535,0.61031,250.0
0.468,0.51747,0.00437,0.521841,250.0
0.472,0.465726,0.320356,0.786082,250.0
0.476,0.409022,-0.047871,0.361151,250.0
0.48,0.347914,-0.204699,0.143215,250.0
0.484,0.283027,0.035855,0.318882,250.0
0.488,0.215044,0.043999,0.259043,250.0
0.492,0.144696,0.271838,0.416533,250.0
0.496,0.07275,0.167022,0.239773,250.0
0.5,0.0,0.071374,0.071374,250.0
0.504,-0.07275,0.292661,0.21991,250.0
0.508,-0.144696,-0.237753,-0.382448,250.0
0.512,-0.215044,-0.12795,-0.342994,250.0
0.516,-0.283027,-0.185315,-0.468342,250.0
0.52,-0.347914,-0.077962,-0.425876,250.0
0.524,-0.409022,-0.275337,-0.684359,250.0
0.528,-0.465726,0.12703,-0.338696,250.0
0.532,-0.51747,-0.044445,-0.561915,250.0
0.536,-0.563775,-0.294161,-0.857936,250.0
0.54,-0.604244,-0.203116,-0.807359,250.0
0.544,-0.638572,0.062703,-0.575869,250.0
0.548,-0.666548,0.167625,-0.498923,250.0
0.552,-0.68806,0.399346,-0.288714,250.0
0.556,-0.703094,0.582772,-0.120321,250.0
0.56,-0.711735,0.082882,-0.628853,250.0
0.564,-0.714167,-0.197908,-0.912075,250.0
0.568,-0.710669,-0.426409,-1.137078,250.0
0.572,-0.701609,0.053542,-0.648067,250.0
0.576,-0.687441,-0.162588,-0.850029,250.0
0.58,-0.668692,-0.083071,-0.751764,250.0
0.584,-0.645962,-0.122419,-0.768382,250.0
0.588,-0.619907,-0.028158,-0.648065,250.0
0.592,-0.591231,0.213196,-0.378035,250.0
0.596,-0.560675,0.03141,-0.529266,250.0
0.6,-0.529007,-0.031727,-0.560734,250.0
0.604,-0.497004,-0.207131,-0.704135,250.0
0.608,-0.465446,-0.334937,-0.800383,250.0
0.612,-0.435101,-0.097262,-0.532362,250.0
0.616,-0.406709,-0.010757,-0.417466,250.0
0.62,-0.380978,0.353586,-0.027392,250.0
0.624,-0.358566,0.026055,-0.332511,250.0
0.628,-0.340073,0.196548,-0.143525,250.0
0.632,-0.326031,-0.099859,-0.42589,250.0
0.636,-0.316895,-0.236989,-0.553884,250.0
0.64,-0.313039,-0.193023,-0.506063,250.0
0.644,-0.314745,-0.145045,-0.45979,250.0
0.648,-0.3222,0.425694,0.103494,250.0
0.652,-0.335495,-0.164277,-0.499772,250.0
0.656,-0.354621,0.167698,-0.186924,250.0
0.66,-0.379473,-0.180585,-0.560058,250.0
0.664,-0.409843,0.186315,-0.223529,250.0
0.668,-0.445434,0.07699,-0.368444,250.0
0.672,-0.485857,-0.031328,-0.517184,250.0
0.676,-0.530638,-0.008153,-0.538791,250.0
0.68,-0.57923,-0.130958,-0.710188,250.0
0.684,-0.631016,0.089214,-0.541801,250.0
0.688,-0.68532,-0.090997,-0.776316,250.0
0.692,-0.74142,-0.245121,-0.986541,250.0
0.696,-0.798558,-0.255588,-1.054146,250.0
0.7,-0.855951,0.034518,-0.821433,250.0
0.704,-0.912803,0.315818,-0.596985,250.0
0.708,-0.968319,0.031998,-0.936321,250.0
0.712,-1.021718,-0.023728,-1.045446,250.0
0.716,-1.072243,0.057165,-1.015078,250.0
0.72,-1.119173,0.2612,-0.857972,250.0
0.724,-1.161836,0.043877,-1.11796,250.0
0.728,-1.199621,-0.082185,-1.281806,250.0
0.732,-1.231981,0.221258,-1.010724,250.0
0.736,-1.258451,0.085751,-1.1727,250.0
0.74,-1.278647,0.307151,-0.971495,250.0
0.744,-1.292275,0.036647,-1.255629,250.0
0.748,-1.29914,-0.244894,-1.544033,250.0
0.752,-1.29914,-0.273632,-1.572771,250.0
0.756,-1.292275,0.330186,-0.96209,250.0
0.76,-1.278647,0.344733,-0.933914,250.0
0.764,-1.258451,-0.035904,-1.294355,250.0
0.768,-1.231981,-0.076637,-1.308619,250.0
0.772,-1.199621,0.292289,-0.907332,250.0
0.776,-1.161836,-0.221409,-1.383245,250.0
0.78,-1.119173,-0.178945,-1.298118,250.0
0.784,-1.072243,0.128665,-0.943577,250.0
0.788,-1.021718,-0.078921,-1.100639,250.0
0.792,-0.968319,-0.001024,-0.969344,250.0
0.796,-0.912803,-0.032689,-0.945491,250.0
0.8,-0.855951,0.067515,-0.788436,250.0
0.804,-0.798558,0.281496,-0.517062,250.0
0.808,-0.74142,0.018117,-0.723303,250.0
0.812,-0.68532,0.128788,-0.556532,250.0
0.816,-0.631016,-0.410034,-1.04105,250.0
0.82,-0.57923,-0.009744,-0.588974,250.0
0.824,-0.530638,-0.168646,-0.699284,250.0
0.828,-0.485857,-0.243763,-0.729619,250.0
0.832,-0.445434,-0.17563,-0.621065,250.0
0.836,-0.409843,-0.066825,-0.476668,250.0
0.84,-0.379473,0.183181,-0.196292,250.0
0.844,-0.354621,-0.265279,-0.6199,250.0
0.848,-0.335495,0.006126,-0.329368,250.0
0.852,-0.3222,-0.096834,-0.419033,250.0
0.856,-0.314745,-0.065535,-0.380279,250.0
0.86,-0.313039,0.200552,-0.112488,250.0
0.864,-0.316895,0.107623,-0.209272,250.0
0.868,-0.326031,0.26748,-0.058551,250.0
0.872,-0.340073,-0.030901,-0.370974,250.0
0.876,-0.358566,-0.139189,-0.497755,250.0
0.88,-0.380978,-0.044772,-0.42575,250.0
0.884,-0.406709,0.048499,-0.35821,250.0
0.888,-0.435101,0.035315,-0.399786,250.0
0.892,-0.465446,-0.216878,-0.682324,250.0
0.896,-0.497004,0.018098,-0.478906,250.0
0.9,-0.529007,0.045646,-0.483361,250.0
0.904,-0.560675,0.503495,-0.057181,250.0
0.908,-0.591231,0.375369,-0.215862,250.0
0.912,-0.619907,-0.170649,-0.790556,250.0
0.916,-0.645962,-0.057477,-0.703439,250.0
0.92,-0.668692,-0.292688,-0.961381,250.0
0.924,-0.687441,-0.118141,-0.805582,250.0
0.928,-0.701609,0.063121,-0.638488,250.0
0.932,-0.710669,0.241171,-0.469498,250.0
0.936,-0.714167,-0.145817,-0.859984,250.0
0.94,-0.711735,-0.130829,-0.842564,250.0
0.944,-0.703094,-0.429458,-1.132551,250.0
0.948,-0.68806,-0.032533,-0.720593,250.0
0.952,-0.666548,-0.212483,-0.879031,250.0
0.956,-0.638572,-0.105888,-0.74446,250.0
0.96,-0.604244,-0.175372,-0.779616,250.0
0.964,-0.563775,-0.018853,-0.582627,250.0
0.968,-0.51747,-0.351546,-0.869016,250.0
0.972,-0.465726,-0.293409,-0.759135,250.0
0.976,-0.409022,0.425849,0.016828,250.0
0.98,-0.347914,-0.257485,-0.605399,250.0
0.984,-0.283027,-0.219357,-0.502384,250.0
0.988,-0.215044,0.367383,0.152339,250.0
0.992,-0.144696,0.581013,0.436318,250.0
0.996,-0.07275,-0.234313,-0.307064,250.0
1.0,-0.0,-0.07365,-0.07365,250.0
1.004,0.07275,0.068311,0.141061,250.0
1.008,0.144696,0.34574,0.490435,250.0
1.012,0.215044,-0.197371,0.017673,250.0
1.016,0.283027,-0.049056,0.233971,250.0
1.02,0.347914,0.155468,0.503382,250.0
1.024,0.409022,0.086953,0.495975,250.0
1.028,0.465726,-0.075231,0.390495,250.0
1.032,0.51747,-0.026765,0.490706,250.0
1.036,0.563775,-0.274979,0.288795,250.0
1.04,0.604244,-0.047635,0.556609,250.0
1.044,0.638572,-0.053277,0.585294,250.0
1.048,0.666548,0.046434,0.712982,250.0
1.052,0.68806,-0.111065,0.576994,250.0
1.056,0.703094,0.094308,0.797401,250.0
1.06,0.711735,0.202543,0.914278,250.0
1.064,0.714167,0.031086,0.745253,250.0
1.068,0.710669,0.070351,0.78102,250.0
1.072,0.701609,0.010631,0.712241,250.0
1.076,0.687441,1.7e-05,0.687458,250.0
1.08,0.668692,-0.144312,0.524381,250.0
1.084,0.645962,0.063299,0.709261,250.0
1.088,0.619907,-0.019457,0.60045,250.0
1.092,0.591231,0.418634,1.009865,250.0
1.096,0.560675,0.314671,0.875346,250.0
1.1,0.529007,0.077169,0.606176,250.0
1.104,0.497004,-0.152611,0.344393,250.0
1.108,0.465446,-0.222482,0.242964,250.0
1.112,0.435101,0.238229,0.673329,250.0
1.116,0.406709,0.05255,0.459259,250.0
1.12,0.380978,0.096029,0.477007,250.0
1.124,0.358566,-0.348917,0.009649,250.0
1.128,0.340073,0.185488,0.525561,250.0
1.132,0.326031,0.090884,0.416915,250.0
1.136,0.316895,-0.222086,0.094809,250.0
1.14,0.313039,-0.094305,0.218734,250.0
1.144,0.314745,0.052743,0.367488,250.0
1.148,0.3222,0.010493,0.332693,250.0
1.152,0.335495,-0.058434,0.27706,250.0
1.156,0.354621,-0.020698,0.333924,250.0
1.16,0.379473,-0.050395,0.329077,250.0
1.164,0.409843,0.030513,0.440356,250.0
1.168,0.445434,0.294298,0.739733,250.0
1.172,0.485857,-0.513332,-0.027475,250.0
1.176,0.530638,-0.04737,0.483268,250.0
1.18,0.57923,0.035302,0.614533,250.0
1.184,0.631016,0.059199,0.690214,250.0
1.188,0.68532,-0.074383,0.610937,250.0
1.192,0.74142,-0.351344,0.390076,250.0
1.196,0.798558,0.065599,0.864157,250.0
1.2,0.855951,0.34547,1.201421,250.0
1.204,0.912803,-0.306772,0.606031,250.0
1.208,0.968319,0.172766,1.141085,250.0
1.212,1.021718,-0.065705,0.956013,250.0
1.216,1.072243,-0.012265,1.059978,250.0
1.22,1.119173,-0.21058,0.908593,250.0
1.224,1.161836,-0.066891,1.094945,250.0
1.228,1.199621,0.260009,1.459629,250.0
1.232,1.231981,0.116531,1.348512,250.0
1.236,1.258451,0.346462,1.604913,250.0
1.24,1.278647,0.235482,1.514129,250.0
1.244,1.292275,0.087817,1.380093,250.0
1.248,1.29914,0.348787,1.647927,250.0
1.252,1.29914,0.087799,1.386938,250.0
1.256,1.292275,0.165598,1.457873,250.0
1.26,1.278647,-0.059314,1.219332,250.0
1.264,1.258451,0.013309,1.27176,250.0
1.268,1.231981,-0.139485,1.092497,250.0
1.272,1.199621,0.197917,1.397537,250.0
1.276,1.161836,-0.235661,0.926175,250.0
1.28,1.119173,0.15647,1.275643,250.0
1.284,1.072243,-0.03813,1.034113,250.0
1.288,1.021718,0.234249,1.255968,250.0
1.292,0.968319,0.150174,1.118493,250.0
1.296,0.912803,0.364129,1.276932,250.0
1.3,0.855951,0.146155,1.002106,250.0
1.304,0.798558,-0.314408,0.48415,250.0
1.308,0.74142,-0.013391,0.728029,250.0
1.312,0.68532,-0.234401,0.450918,250.0
1.316,0.631016,-0.103656,0.52736,250.0
1.32,0.57923,0.302246,0.881476,250.0
1.324,0.530638,0.127507,0.658145,250.0
1.328,0.485857,-0.139786,0.346071,250.0
1.332,0.445434,-0.202743,0.242691,250.0
1.336,0.409843,0.006556,0.4164,250.0
1.34,0.379473,-0.243312,0.13616,250.0
1.344,0.354621,-0.134228,0.220393,250.0
1.348,0.335495,0.062402,0.397897,250.0
1.352,0.3222,0.231062,0.553262,250.0
1.356,0.314745,0.121752,0.436497,250.0
1.36,0.313039,-0.458258,-0.145219,250.0
1.364,0.316895,0.060873,0.377769,250.0
1.368,0.326031,0.014407,0.340437,250.0
1.372,0.340073,0.082778,0.422851,250.0
1.376,0.358566,0.323242,0.681808,250.0
1.38,0.380978,-0.412648,-0.031669,250.0
1.384,0.406709,-0.118221,0.288489,250.0
1.388,0.435101,0.118181,0.553282,250.0
1.392,0.465446,-0.316319,0.149127,250.0
1.396,0.497004,0.29519,0.792194,250.0
1.4,0.529007,0.073671,0.602678,250.0
1.404,0.560675,0.169317,0.729992,250.0
1.408,0.591231,-0.114189,0.477042,250.0
1.412,0.619907,0.162753,0.78266,250.0
1.416,0.645962,0.213694,0.859657,250.0
1.42,0.668692,0.046576,0.715268,250.0
1.424,0.687441,0.04688,0.734321,250.0
1.428,0.701609,0.054069,0.755678,250.0
1.432,0.710669,-0.172669,0.538,250.0
1.436,0.714167,-0.029506,0.684661,250.0
1.44,0.711735,-0.030505,0.68123,250.0
1.444,0.703094,0.076679,0.779772,250.0
1.448,0.68806,0.199965,0.888025,250.0
1.452,0.666548,-0.211707,0.454841,250.0
1.456,0.638572,-0.025002,0.61357,250.0
1.46,0.604244,0.296291,0.900535,250.0
1.464,0.563775,-0.148718,0.415057,250.0
1.468,0.51747,-0.16445,0.35302,250.0
1.472,0.465726,0.040461,0.506187,250.0
1.476,0.409022,0.168877,0.577899,250.0
1.48,0.347914,0.002285,0.350199,250.0
1.484,0.283027,0.265792,0.548819,250.0
1.488,0.215044,0.171359,0.386403,250.0
1.492,0.144696,0.168364,0.31306,250.0
1.496,0.07275,0.110823,0.183574,250.0
1.5,0.0,0.465531,0.465531,250.0
1.504,-0.07275,-0.041032,-0.113783,250.0
1.508,-0.144696,-0.400704,-0.5454,250.0
1.512,-0.215044,0.320851,0.105807,250.0
1.516,-0.283027,-0.09154,-0.374567,250.0
1.52,-0.347914,0.021576,-0.326338,250.0
1.524,-0.409022,0.26191,-0.147112,250.0
1.528,-0.465726,-0.320452,-0.786178,250.0
1.532,-0.51747,-0.250329,-0.7678,250.0
1.536,-0.563775,-0.320256,-0.88403,250.0
1.54,-0.604244,-0.158827,-0.763071,250.0
1.544,-0.638572,0.087927,-0.550644,250.0
1.548,-0.666548,0.104838,-0.561711,250.0
1.552,-0.68806,0.055255,-0.632805,250.0
1.556,-0.703094,-0.282553,-0.985647,250.0
1.56,-0.711735,-0.462021,-1.173755,250.0
1.564,-0.714167,0.010871,-0.703296,250.0
1.568,-0.710669,-0.094355,-0.805024,250.0
1.572,-0.701609,0.091877,-0.609732,250.0
1.576,-0.687441,0.140391,-0.54705,250.0
1.58,-0.668692,0.027648,-0.641044,250.0
1.584,-0.645962,0.152027,-0.493936,250.0
1.588,-0.619907,0.045842,-0.574065,250.0
1.592,-0.591231,0.106013,-0.485218,250.0
1.596,-0.560675,-0.140935,-0.70161,250.0
1.6,-0.529007,-0.035922,-0.564929,250.0
1.604,-0.497004,0.039355,-0.457649,250.0
1.608,-0.465446,0.164106,-0.301341,250.0
1.612,-0.435101,-0.078748,-0.513849,250.0
1.616,-0.406709,0.104233,-0.302476,250.0
1.62,-0.380978,-0.053168,-0.434146,250.0
1.624,-0.358566,-0.023508,-0.382075,250.0
1.628,-0.340073,0.165904,-0.174169,250.0
1.632,-0.326031,-0.398612,-0.724643,250.0
1.636,-0.316895,-0.259294,-0.57619,250.0
1.64,-0.313039,-0.296437,-0.609476,250.0
1.644,-0.314745,-0.466723,-0.781468,250.0
1.648,-0.3222,-0.135653,-0.457852,250.0
1.652,-0.335495,0.149887,-0.185608,250.0
1.656,-0.354621,-0.056977,-0.411598,250.0
1.66,-0.379473,0.039558,-0.339915,250.0
1.664,-0.409843,0.217843,-0.192,250.0
1.668,-0.445434,0.265537,-0.179897,250.0
1.672,-0.485857,-0.013828,-0.499684,250.0
1.676,-0.530638,0.270717,-0.259921,250.0
1.68,-0.57923,0.018425,-0.560805,250.0
1.684,-0.631016,-0.16748,-0.798495,250.0
1.688,-0.68532,-0.11888,-0.8042,250.0
1.692,-0.74142,-0.296107,-1.037527,250.0
1.696,-0.798558,-0.177627,-0.976185,250.0
1.7,-0.855951,-0.071603,-0.927554,250.0
1.704,-0.912803,0.160717,-0.752086,250.0
1.708,-0.968319,0.344154,-0.624165,250.0
1.712,-1.021718,-0.276436,-1.298155,250.0
1.716,-1.072243,0.078565,-0.993677,250.0
1.72,-1.119173,-0.208109,-1.327281,250.0
1.724,-1.161836,0.094939,-1.066897,250.0
1.728,-1.199621,-0.026217,-1.225838,250.0
1.732,-1.231981,-0.366181,-1.598163,250.0
1.736,-1.258451,0.185659,-1.072792,250.0
1.74,-1.278647,-0.121,-1.399647,250.0
1.744,-1.292275,-0.10678,-1.399055,250.0
1.748,-1.29914,-0.21395,-1.51309,250.0
1.752,-1.29914,-0.130857,-1.429996,250.0
1.756,-1.292275,0.085578,-1.206697,250.0
1.76,-1.278647,-0.037849,-1.316496,250.0
1.764,-1.258451,0.065732,-1.192719,250.0
1.768,-1.231981,0.072384,-1.159597,250.0
1.772,-1.199621,0.264132,-0.935488,250.0
1.776,-1.161836,-0.068557,-1.230393,250.0
1.78,-1.119173,-0.295372,-1.414544,250.0
1.784,-1.072243,0.213444,-0.858798,250.0
1.788,-1.021718,-0.066298,-1.088016,250.0
1.792,-0.968319,0.222918,-0.745401,250.0
1.796,-0.912803,0.076675,-0.836127,250.0
1.8,-0.855951,-0.026228,-0.882178,250.0
1.804,-0.798558,0.069755,-0.728803,250.0
1.808,-0.74142,0.390203,-0.351218,250.0
1.812,-0.68532,0.415396,-0.269924,250.0
1.816,-0.631016,0.013876,-0.617139,250.0
1.82,-0.57923,0.032038,-0.547192,250.0
1.824,-0.530638,0.215248,-0.31539,250.0
1.828,-0.485857,-0.169132,-0.654989,250.0
1.832,-0.445434,0.066614,-0.37882,250.0
1.836,-0.409843,-0.005173,-0.415016,250.0
1.84,-0.379473,0.062782,-0.316691,250.0
1.844,-0.354621,-0.166674,-0.521295,250.0
1.848,-0.335495,-0.317913,-0.653408,250.0
1.852,-0.3222,-0.414597,-0.736796,250.0
1.856,-0.314745,-0.223477,-0.538222,250.0
1.86,-0.313039,-0.091735,-0.404774,250.0
1.864,-0.316895,-0.058638,-0.375534,250.0
1.868,-0.326031,0.387446,0.061416,250.0
1.872,-0.340073,0.221199,-0.118874,250.0
1.876,-0.358566,-0.192418,-0.550984,250.0
1.88,-0.380978,0.069542,-0.311437,250.0
1.884,-0.406709,-0.081416,-0.488125,250.0
1.888,-0.435101,-0.056873,-0.491973,250.0
1.892,-0.465446,0.037065,-0.428381,250.0
1.896,-0.497004,0.123834,-0.37317,250.0
1.9,-0.529007,-0.067852,-0.596858,250.0
1.904,-0.560675,0.21277,-0.347905,250.0
1.908,-0.591231,-0.228388,-0.819619,250.0
1.912,-0.619907,0.001268,-0.618639,250.0
1.916,-0.645962,0.519535,-0.126428,250.0
1.92,-0.668692,0.044616,-0.624076,250.0
1.924,-0.687441,0.286643,-0.400798,250.0
1.928,-0.701609,0.018304,-0.683305,250.0
1.932,-0.710669,0.116155,-0.594514,250.0
1.936,-0.714167,-0.011357,-0.725524,250.0
1.94,-0.711735,-0.034082,-0.745816,250.0
1.944,-0.703094,-0.155896,-0.85899,250.0
1.948,-0.68806,0.08606,-0.602,250.0
1.952,-0.666548,-0.170307,-0.836856,250.0
1.956,-0.638572,0.133117,-0.505455,250.0
1.96,-0.604244,0.217057,-0.387186,250.0
1.964,-0.563775,0.073306,-0.490468,250.0
1.968,-0.51747,-0.05725,-0.57472,250.0
1.972,-0.465726,0.090793,-0.374933,250.0
1.976,-0.409022,-0.061735,-0.470756,250.0
1.98,-0.347914,0.187109,-0.160805,250.0
1.984,-0.283027,-0.366281,-0.649308,250.0
1.988,-0.215044,-0.067121,-0.282165,250.0
1.992,-0.144696,-0.398162,-0.542858,250.0
1.996,-0.07275,-0.299012,-0.371763,250.0
2.0,-0.0,0.272772,0.272772,250.0
2.004,0.07275,0.179037,0.251787,250.0
2.008,0.144696,-0.143896,0.0008,250.0
2.012,0.215044,-0.300501,-0.085457,250.0
2.016,0.283027,-0.592906,-0.309879,250.0
2.02,0.347914,-0.108699,0.239215,250.0
2.024,0.409022,0.484083,0.893105,250.0
2.028,0.465726,0.086977,0.552703,250.0
2.032,0.51747,-0.111914,0.405556,250.0
2.036,0.563775,0.093016,0.656791,250.0
2.04,0.604244,-0.312192,0.292052,250.0
2.044,0.638572,-0.059465,0.579107,250.0
2.048,0.666548,0.019895,0.686444,250.0
2.052,0.68806,-0.01722,0.67084,250.0
2.056,0.703094,0.158161,0.861255,250.0
2.06,0.711735,0.068929,0.780664,250.0
2.064,0.714167,0.133665,0.847832,250.0
2.068,0.710669,-0.137674,0.572995,250.0
2.072,0.701609,0.179563,0.881173,250.0
2.076,0.687441,0.325787,1.013228,250.0
2.08,0.668692,-0.19403,0.474663,250.0
2.084,0.645962,-0.177539,0.468423,250.0
2.088,0.619907,0.267157,0.887064,250.0
2.092,0.591231,-0.038269,0.552962,250.0
2.096,0.560675,0.280764,0.84144,250.0
2.1,0.529007,-0.088507,0.4405,250.0
2.104,0.497004,0.291009,0.788013,250.0
2.108,0.465446,0.026297,0.491743,250.0
2.112,0.435101,0.051646,0.486746,250.0
2.116,0.406709,0.312944,0.719653,250.0
2.12,0.380978,-0.072354,0.308624,250.0
2.124,0.358566,-0.188224,0.170342,250.0
2.128,0.340073,-0.089713,0.25036,250.0
2.132,0.326031,0.090467,0.416497,250.0
2.136,0.316895,-0.313152,0.003744,250.0
2.14,0.313039,0.127494,0.440533,250.0
2.144,0.314745,-0.107754,0.20699,250.0
2.148,0.3222,0.229563,0.551762,250.0
2.152,0.335495,-0.478852,-0.143357,250.0
2.156,0.354621,-0.157313,0.197308,250.0
2.16,0.379473,-0.337294,0.042179,250.0
2.164,0.409843,-0.165246,0.244597,250.0
2.168,0.445434,0.049533,0.494967,250.0
2.172,0.485857,-0.035845,0.450011,250.0
2.176,0.530638,-0.050676,0.479963,250.0
2.18,0.57923,-0.031837,0.547393,250.0
2.184,0.631016,0.040678,0.671693,250.0
2.188,0.68532,-0.201707,0.483612,250.0
2.192,0.74142,0.14137,0.88279,250.0
2.196,0.798558,0.132533,0.931091,250.0
2.2,0.855951,0.077008,0.932958,250.0
2.204,0.912803,0.111307,1.02411,250.0
2.208,0.968319,0.059284,1.027603,250.0
2.212,1.021718,0.407015,1.428733,250.0
2.216,1.072243,-0.017419,1.054824,250.0
2.22,1.119173,-0.061417,1.057756,250.0
2.224,1.161836,-0.150706,1.011131,250.0
2.228,1.199621,-0.206453,0.993168,250.0
2.232,1.231981,-0.248894,0.983087,250.0
2.236,1.258451,-0.177759,1.080692,250.0
2.24,1.278647,-0.014136,1.264511,250.0
2.244,1.292275,0.066859,1.359134,250.0
2.248,1.29914,0.010228,1.309368,250.0
2.252,1.29914,-0.153107,1.146033,250.0
2.256,1.292275,0.180037,1.472312,250.0
2.26,1.278647,0.147883,1.426529,250.0
2.264,1.258451,-0.03193,1.226521,250.0
2.268,1.231981,-0.130583,1.101398,250.0
2.272,1.199621,0.109686,1.309306,250.0
2.276,1.161836,0.037595,1.199431,250.0
2.28,1.119173,-0.289625,0.829547,250.0
2.284,1.072243,-0.013596,1.058647,250.0
2.288,1.021718,0.052407,1.074126,250.0
2.292,0.968319,-0.179939,0.78838,250.0
2.296,0.912803,0.037969,0.950772,250.0
2.3,0.855951,-0.290964,0.564986,250.0
2.304,0.798558,0.267237,1.065795,250.0
2.308,0.74142,0.24959,0.99101,250.0
2.312,0.68532,-0.050503,0.634816,250.0
2.316,0.631016,0.072691,0.703706,250.0
2.32,0.57923,-0.481984,0.097246,250.0
2.324,0.530638,-0.23127,0.299369,250.0
2.328,0.485857,-0.058756,0.427101,250.0
2.332,0.445434,-0.214427,0.231008,250.0
2.336,0.409843,0.142879,0.552722,250.0
2.34,0.379473,0.399459,0.778932,250.0
2.344,0.354621,-0.235323,0.119298,250.0
2.348,0.335495,-0.167493,0.168002,250.0
2.352,0.3222,0.04709,0.369289,250.0
2.356,0.314745,0.322223,0.636968,250.0
2.36,0.313039,-0.244475,0.068564,250.0
2.364,0.316895,0.049807,0.366703,250.0
2.368,0.326031,0.36426,0.69029,250.0
2.372,0.340073,-0.330352,0.009721,250.0
2.376,0.358566,-0.256214,0.102352,250.0
2.38,0.380978,-0.084721,0.296257,250.0
2.384,0.406709,-0.104118,0.302592,250.0
2.388,0.435101,0.16252,0.597621,250.0
2.392,0.465446,0.048332,0.513778,250.0
2.396,0.497004,-0.354992,0.142012,250.0
2.4,0.529007,0.103082,0.632089,250.0
2.404,0.560675,-0.115508,0.445168,250.0
2.408,0.591231,0.254889,0.84612,250.0
2.412,0.619907,-0.125518,0.494389,250.0
2.416,0.645962,-0.127323,0.518639,250.0
2.42,0.668692,0.108226,0.776919,250.0
2.424,0.687441,0.152585,0.840026,250.0
2.428,0.701609,0.08962,0.791229,250.0
2.432,0.710669,-0.337119,0.37355,250.0
2.436,0.714167,0.107607,0.821774,250.0
2.44,0.711735,-0.206862,0.504873,250.0
2.444,0.703094,0.047055,0.750149,250.0
2.448,0.68806,-0.284747,0.403313,250.0
2.452,0.666548,0.089264,0.755813,250.0
2.456,0.638572,-0.16132,0.477252,250.0
2.46,0.604244,-0.256527,0.347717,250.0
2.464,0.563775,0.142764,0.706539,250.0
2.468,0.51747,0.048329,0.565799,250.0
2.472,0.465726,-0.122795,0.342931,250.0
2.476,0.409022,0.290236,0.699258,250.0
2.48,0.347914,-0.08813,0.259784,250.0
2.484,0.283027,0.006422,0.289449,250.0
2.488,0.215044,0.053783,0.268827,250.0
2.492,0.144696,-0.123933,0.020763,250.0
2.496,0.07275,0.094227,0.166978,250.0
2.5,0.0,-0.10669,-0.10669,250.0
2.504,-0.07275,-0.082328,-0.155078,250.0
2.508,-0.144696,0.272529,0.127833,250.0
2.512,-0.215044,-0.208117,-0.423161,250.0
2.516,-0.283027,-0.482556,-0.765583,250.0
2.52,-0.347914,0.322187,-0.025727,250.0
2.524,-0.409022,0.509866,0.100844,250.0
2.528,-0.465726,-0.081054,-0.54678,250.0
2.532,-0.51747,-0.387368,-0.904838,250.0
2.536,-0.563775,-0.062097,-0.625871,250.0
2.54,-0.604244,-0.057245,-0.661488,250.0
2.544,-0.638572,-0.037985,-0.676556,250.0
2.548,-0.666548,-0.222678,-0.889226,250.0
2.552,-0.68806,0.115912,-0.572148,250.0
2.556,-0.703094,0.104901,-0.598192,250.0
2.56,-0.711735,-0.298881,-1.010616,250.0
2.564,-0.714167,0.139839,-0.574328,250.0
2.568,-0.710669,0.410537,-0.300132,250.0
2.572,-0.701609,0.034392,-0.667217,250.0
2.576,-0.687441,-0.067465,-0.754906,250.0
2.58,-0.668692,-0.028401,-0.697093,250.0
2.584,-0.645962,0.123051,-0.522911,250.0
2.588,-0.619907,-0.346134,-0.966041,250.0
2.592,-0.591231,0.032878,-0.558353,250.0
2.596,-0.560675,-0.078093,-0.638768,250.0
2.6,-0.529007,0.369565,-0.159442,250.0
2.604,-0.497004,-0.034835,-0.531839,250.0
2.608,-0.465446,0.333578,-0.131869,250.0
2.612,-0.435101,-0.220748,-0.655849,250.0
2.616,-0.406709,0.117452,-0.289257,250.0
2.62,-0.380978,0.06388,-0.317098,250.0
2.624,-0.358566,-0.173809,-0.532376,250.0
2.628,-0.340073,0.035479,-0.304594,250.0
2.632,-0.326031,0.242504,-0.083527,250.0
2.636,-0.316895,-0.064758,-0.381654,250.0
2.64,-0.313039,-0.338393,-0.651432,250.0
2.644,-0.314745,-0.003513,-0.318257,250.0
2.648,-0.3222,-0.180485,-0.502684,250.0
2.652,-0.335495,-0.068468,-0.403963,250.0
2.656,-0.354621,-0.016318,-0.370939,250.0
2.66,-0.379473,-0.34113,-0.720603,250.0
2.664,-0.409843,-0.323132,-0.732975,250.0
2.668,-0.445434,0.096413,-0.349021,250.0
2.672,-0.485857,-0.104544,-0.590401,250.0
2.676,-0.530638,-0.512949,-1.043587,250.0
2.68,-0.57923,0.156969,-0.422261,250.0
2.684,-0.631016,0.054474,-0.576542,250.0
2.688,-0.68532,-0.142775,-0.828095,250.0
2.692,-0.74142,-0.263366,-1.004786,250.0
2.696,-0.798558,0.167162,-0.631397,250.0
2.7,-0.855951,0.06987,-0.786081,250.0
2.704,-0.912803,0.47652,-0.436282,250.0
2.708,-0.968319,0.084038,-0.884282,250.0
2.712,-1.021718,0.077541,-0.944178,250.0
2.716,-1.072243,-0.033386,-1.105628,250.0
2.72,-1.119173,0.163355,-0.955817,250.0
2.724,-1.161836,0.125017,-1.036819,250.0
2.728,-1.199621,0.250345,-0.949276,250.0
2.732,-1.231981,-0.104265,-1.336246,250.0
2.736,-1.258451,-0.087081,-1.345533,250.0
2.74,-1.278647,-0.095821,-1.374467,250.0
2.744,-1.292275,0.15816,-1.134115,250.0
2.748,-1.29914,0.299675,-0.999465,250.0
2.752,-1.29914,-0.091768,-1.390908,250.0
2.756,-1.292275,-0.084955,-1.37723,250.0
2.76,-1.278647,0.062815,-1.215831,250.0
2.764,-1.258451,-0.049152,-1.307603,250.0
2.768,-1.231981,0.190411,-1.041571,250.0
2.772,-1.199621,-0.450355,-1.649976,250.0
2.776,-1.161836,-0.165341,-1.327177,250.0
2.78,-1.119173,-0.156483,-1.275656,250.0
2.784,-1.072243,-0.464071,-1.536314,250.0
2.788,-1.021718,-0.192728,-1.214446,250.0
2.792,-0.968319,-0.183031,-1.151351,250.0
2.796,-0.912803,-0.040221,-0.953024,250.0
2.8,-0.855951,0.222593,-0.633358,250.0
2.804,-0.798558,-0.049012,-0.84757,250.0
2.808,-0.74142,-0.206163,-0.947583,250.0
2.812,-0.68532,-0.011391,-0.696711,250.0
2.816,-0.631016,0.209835,-0.421181,250.0
2.82,-0.57923,-0.195192,-0.774422,250.0
2.824,-0.530638,-0.182115,-0.712753,250.0
2.828,-0.485857,0.11171,-0.374147,250.0
2.832,-0.445434,-0.044307,-0.489741,250.0
2.836,-0.409843,0.129497,-0.280346,250.0
2.84,-0.379473,-0.002729,-0.382202,250.0
2.844,-0.354621,0.140333,-0.214289,250.0
2.848,-0.335495,-0.207016,-0.54251,250.0
2.852,-0.3222,-0.002417,-0.324617,250.0
2.856,-0.314745,-0.042138,-0.356883,250.0
2.86,-0.313039,-0.243178,-0.556217,250.0
2.864,-0.316895,-0.312696,-0.629591,250.0
2.868,-0.326031,0.13715,-0.188881,250.0
2.872,-0.340073,-0.07019,-0.410263,250.0
2.876,-0.358566,-0.204456,-0.563022,250.0
2.88,-0.380978,-0.019236,-0.400214,250.0
2.884,-0.406709,0.225604,-0.181105,250.0
2.888,-0.435101,-0.456148,-0.891248,250.0
2.892,-0.465446,-0.299328,-0.764774,250.0
2.896,-0.497004,-0.184577,-0.681581,250.0
2.9,-0.529007,0.292236,-0.236771,250.0
2.904,-0.560675,0.056517,-0.504158,250.0
2.908,-0.591231,0.153463,-0.437767,250.0
2.912,-0.619907,-0.228032,-0.847939,250.0
2.916,-0.645962,-0.223907,-0.86987,250.0
2.92,-0.668692,0.089563,-0.57913,250.0
2.924,-0.687441,0.011655,-0.675786,250.0
2.928,-0.701609,0.109748,-0.591862,250.0
2.932,-0.710669,-0.037534,-0.748203,250.0
2.936,-0.714167,0.055629,-0.658538,250.0
2.94,-0.711735,0.031624,-0.680111,250.0
2.944,-0.703094,0.155553,-0.54754,250.0
2.948,-0.68806,0.161402,-0.526658,250.0
2.952,-0.666548,-0.323974,-0.990523,250.0
2.956,-0.638572,-0.449454,-1.088025,250.0
2.96,-0.604244,0.200349,-0.403894,250.0
2.964,-0.563775,0.237545,-0.326229,250.0
2.968,-0.51747,-0.204125,-0.721595,250.0
2.972,-0.465726,-0.371967,-0.837693,250.0
2.976,-0.409022,0.019807,-0.389215,250.0
2.98,-0.347914,0.186168,-0.161746,250.0
2.984,-0.283027,0.359519,0.076492,250.0
2.988,-0.215044,0.10326,-0.111784,250.0
2.992,-0.144696,-0.074343,-0.219039,250.0
2.996,-0.07275,-0.178626,-0.251377,250.0
3.0,-0.0,0.00229,0.00229,250.0
3.004,0.07275,-0.059853,0.012897,250.0
3.008,0.144696,-0.203014,-0.058318,250.0
3.012,0.215044,0.409751,0.624795,250.0
3.016,0.283027,0.357034,0.640061,250.0
3.02,0.347914,0.22721,0.575124,250.0
3.024,0.409022,-0.18417,0.224852,250.0
3.028,0.465726,0.171004,0.63673,250.0
3.032,0.51747,0.127925,0.645395,250.0
3.036,0.563775,0.088509,0.652284,250.0
3.04,0.604244,0.249933,0.854177,250.0
3.044,0.638572,0.127074,0.765646,250.0
3.048,0.666548,0.148003,0.814551,250.0
3.052,0.68806,0.127381,0.815441,250.0
3.056,0.703094,0.068158,0.771252,250.0
3.06,0.711735,-0.356722,0.355012,250.0
3.064,0.714167,0.016724,0.730891,250.0
3.068,0.710669,-0.111238,0.599431,250.0
3.072,0.701609,-0.255968,0.445641,250.0
3.076,0.687441,0.336363,1.023804,250.0
3.08,0.668692,0.345799,1.014491,250.0
3.084,0.645962,0.271844,0.917806,250.0
3.088,0.619907,0.051043,0.67095,250.0
3.092,0.591231,0.270125,0.861356,250.0
3.096,0.560675,0.002411,0.563086,250.0
3.1,0.529007,0.040559,0.569566,250.0
3.104,0.497004,-0.218694,0.27831,250.0
3.108,0.465446,0.079398,0.544845,250.0
3.112,0.435101,0.012077,0.447178,250.0
3.116,0.406709,-0.26053,0.146179,250.0
3.12,0.380978,-0.010239,0.370739,250.0
3.124,0.358566,-0.015946,0.34262,250.0
3.128,0.340073,0.359512,0.699585,250.0
3.132,0.326031,0.178843,0.504873,250.0
3.136,0.316895,0.002289,0.319185,250.0
3.14,0.313039,0.049757,0.362797,250.0
3.144,0.314745,0.008842,0.323587,250.0
3.148,0.3222,-0.040583,0.281617,250.0
3.152,0.335495,-0.216485,0.119009,250.0
3.156,0.354621,-0.03021,0.324411,250.0
3.16,0.379473,-0.14922,0.230253,250.0
3.164,0.409843,-0.250063,0.15978,250.0
3.168,0.445434,0.102244,0.547679,250.0
3.172,0.485857,0.078253,0.56411,250.0
3.176,0.530638,-0.357342,0.173297,250.0
3.18,0.57923,-0.024537,0.554693,250.0
3.184,0.631016,0.19914,0.830156,250.0
3.188,0.68532,0.211845,0.897164,250.0
3.192,0.74142,0.205167,0.946587,250.0
3.196,0.798558,0.007783,0.806341,250.0
3.2,0.855951,-0.169009,0.686942,250.0
3.204,0.912803,-0.21674,0.696063,250.0
3.208,0.968319,0.068921,1.03724,250.0
3.212,1.021718,0.075856,1.097574,250.0
3.216,1.072243,0.257466,1.329709,250.0
3.22,1.119173,0.219996,1.339169,250.0
3.224,1.161836,-0.026446,1.13539,250.0
3.228,1.199621,-0.248841,0.950779,250.0
3.232,1.231981,-0.063821,1.16816,250.0
3.236,1.258451,0.043446,1.301897,250.0
3.24,1.278647,-0.040417,1.23823,250.0
3.244,1.292275,-0.115579,1.176697,250.0
3.248,1.29914,0.050577,1.349717,250.0
3.252,1.29914,-0.100792,1.198348,250.0
3.256,1.292275,-0.125613,1.166662,250.0
3.26,1.278647,0.062291,1.340937,250.0
3.264,1.258451,-0.080399,1.178053,250.0
3.268,1.231981,0.048821,1.280802,250.0
3.272,1.199621,0.054641,1.254261,250.0
3.276,1.161836,-0.227886,0.93395,250.0
3.28,1.119173,-0.096248,1.022924,250.0
3.284,1.072243,0.287555,1.359798,250.0
3.288,1.021718,-0.232416,0.789302,250.0
3.292,0.968319,-0.423331,0.544989,250.0
3.296,0.912803,-0.372369,0.540434,250.0
3.3,0.855951,0.005822,0.861773,250.0
3.304,0.798558,0.006183,0.804742,250.0
3.308,0.74142,-0.023522,0.717898,250.0
3.312,0.68532,0.242838,0.928158,250.0
3.316,0.631016,-0.534567,0.096449,250.0
3.32,0.57923,0.079187,0.658417,250.0
3.324,0.530638,0.312288,0.842926,250.0
3.328,0.485857,-0.225556,0.260301,250.0
3.332,0.445434,-0.075961,0.369473,250.0
3.336,0.409843,-0.150578,0.259265,250.0
3.34,0.379473,-0.178869,0.200603,250.0
3.344,0.354621,-0.065252,0.289369,250.0
3.348,0.335495,0.285497,0.620992,250.0
3.352,0.3222,0.367477,0.689677,250.0
3.356,0.314745,-0.067188,0.247557,250.0
3.36,0.313039,0.381012,0.694051,250.0
3.364,0.316895,0.007115,0.324011,250.0
3.368,0.326031,0.350738,0.676769,250.0
3.372,0.340073,-0.01866,0.321413,250.0
3.376,0.358566,0.026212,0.384778,250.0
3.38,0.380978,0.073095,0.454073,250.0
3.384,0.406709,0.635771,1.04248,250.0
3.388,0.435101,0.170257,0.605358,250.0
3.392,0.465446,-0.141453,0.323993,250.0
3.396,0.497004,0.1938,0.690804,250.0
3.4,0.529007,-0.072367,0.45664,250.0
3.404,0.560675,-0.09795,0.462725,250.0
3.408,0.591231,0.18172,0.772951,250.0
3.412,0.619907,0.006217,0.626124,250.0
3.416,0.645962,0.055715,0.701678,250.0
3.42,0.668692,0.002797,0.671489,250.0
3.424,0.687441,0.067317,0.754757,250.0
3.428,0.701609,0.084993,0.786603,250.0
3.432,0.710669,-0.387393,0.323276,250.0
3.436,0.714167,0.133315,0.847482,250.0
3.44,0.711735,-0.196404,0.515331,250.0
3.444,0.703094,-0.28846,0.414634,250.0
3.448,0.68806,-0.011682,0.676378,250.0
3.452,0.666548,0.016796,0.683344,250.0
3.456,0.638572,-0.138701,0.49987,250.0
3.46,0.604244,0.166206,0.77045,250.0
3.464,0.563775,-0.268435,0.295339,250.0
3.468,0.51747,-0.081389,0.436081,250.0
3.472,0.465726,-0.116975,0.348751,250.0
3.476,0.409022,-0.009317,0.399704,250.0
3.48,0.347914,0.055773,0.403687,250.0
3.484,0.283027,-0.201579,0.081448,250.0
3.488,0.215044,0.144857,0.3599,250.0
3.492,0.144696,0.0126,0.157296,250.0
3.496,0.07275,-0.378389,-0.305639,250.0
3.5,0.0,-0.391718,-0.391718,250.0
3.504,-0.07275,-0.002464,-0.075214,250.0
3.508,-0.144696,-0.044193,-0.188889,250.0
3.512,-0.215044,-0.020684,-0.235728,250.0
3.516,-0.283027,-0.005596,-0.288624,250.0
3.52,-0.347914,0.045112,-0.302802,250.0
3.524,-0.409022,0.18953,-0.219492,250.0
3.528,-0.465726,-0.222221,-0.687947,250.0
3.532,-0.51747,-0.234394,-0.751864,250.0
3.536,-0.563775,-0.218665,-0.782439,250.0
3.54,-0.604244,0.057783,-0.54646,250.0
3.544,-0.638572,0.248989,-0.389582,250.0
3.548,-0.666548,-0.086268,-0.752816,250.0
3.552,-0.68806,-0.50034,-1.1884,250.0
3.556,-0.703094,-0.340799,-1.043892,250.0
3.56,-0.711735,-0.166607,-0.878342,250.0
3.564,-0.714167,-0.111546,-0.825713,250.0
3.568,-0.710669,-0.081678,-0.792347,250.0
3.572,-0.701609,0.007716,-0.693893,250.0
3.576,-0.687441,-0.062349,-0.74979,250.0
3.58,-0.668692,0.209868,-0.458824,250.0
3.584,-0.645962,-0.135203,-0.781166,250.0
3.588,-0.619907,-0.172464,-0.792371,250.0
3.592,-0.591231,0.095775,-0.495456,250.0
3.596,-0.560675,-0.307128,-0.867804,250.0
3.6,-0.529007,0.077938,-0.451068,250.0
3.604,-0.497004,0.020511,-0.476493,250.0
3.608,-0.465446,-0.029488,-0.494935,250.0
3.612,-0.435101,0.317655,-0.117445,250.0
3.616,-0.406709,-0.124441,-0.531151,250.0
3.62,-0.380978,0.41206,0.031081,250.0
3.624,-0.358566,-0.045086,-0.403652,250.0
3.628,-0.340073,-0.255403,-0.595476,250.0
3.632,-0.326031,0.013984,-0.312047,250.0
3.636,-0.316895,-0.215249,-0.532144,250.0
3.64,-0.313039,-0.150351,-0.46339,250.0
3.644,-0.314745,0.079407,-0.235338,250.0
3.648,-0.3222,0.111116,-0.211083,250.0
3.652,-0.335495,-0.124434,-0.459928,250.0
3.656,-0.354621,0.197481,-0.15714,250.0
3.66,-0.379473,0.231502,-0.147971,250.0
3.664,-0.409843,0.28726,-0.122583,250.0
3.668,-0.445434,0.105883,-0.339552,250.0
3.672,-0.485857,0.272686,-0.213171,250.0
3.676,-0.530638,-0.37616,-0.906798,250.0
3.68,-0.57923,-0.063581,-0.642812,250.0
3.684,-0.631016,-0.173401,-0.804417,250.0
3.688,-0.68532,0.023845,-0.661474,250.0
3.692,-0.74142,-0.11429,-0.85571,250.0
3.696,-0.798558,-0.033232,-0.83179,250.0
3.7,-0.855951,0.376435,-0.479516,250.0
3.704,-0.912803,-0.033944,-0.946747,250.0
3.708,-0.968319,0.082758,-0.885561,250.0
3.712,-1.021718,-0.046454,-1.068172,250.0
3.716,-1.072243,0.015143,-1.0571,250.0
3.72,-1.119173,0.001203,-1.117969,250.0
3.724,-1.161836,0.089665,-1.072171,250.0
3.728,-1.199621,0.233062,-0.966559,250.0
3.732,-1.231981,0.329479,-0.902503,250.0
3.736,-1.258451,0.061924,-1.196527,250.0
3.74,-1.278647,0.117909,-1.160737,250.0
3.744,-1.292275,-0.230173,-1.522448,250.0
3.748,-1.29914,-0.017575,-1.316715,250.0
3.752,-1.29914,0.188058,-1.111082,250.0
3.756,-1.292275,0.173194,-1.119082,250.0
3.76,-1.278647,0.042322,-1.236325,250.0
3.764,-1.258451,0.177279,-1.081172,250.0
3.768,-1.231981,0.098153,-1.133828,250.0
3.772,-1.199621,0.240061,-0.959559,250.0
3.776,-1.161836,0.057872,-1.103964,250.0
3.78,-1.119173,-0.07114,-1.190312,250.0
3.784,-1.072243,0.067168,-1.005075,250.0
3.788,-1.021718,-0.586119,-1.607837,250.0
3.792,-0.968319,0.076577,-0.891742,250.0
3.796,-0.912803,-0.729683,-1.642485,250.0
3.8,-0.855951,-0.344693,-1.200644,250.0
3.804,-0.798558,0.090354,-0.708204,250.0
3.808,-0.74142,0.095506,-0.645914,250.0
3.812,-0.68532,-0.232486,-0.917805,250.0
3.816,-0.631016,-0.14242,-0.773436,250.0
3.82,-0.57923,0.274108,-0.305122,250.0
3.824,-0.530638,-0.096806,-0.627444,250.0
3.828,-0.485857,0.448584,-0.037273,250.0
3.832,-0.445434,-0.000384,-0.445818,250.0
3.836,-0.409843,0.081607,-0.328236,250.0
3.84,-0.379473,0.323375,-0.056098,250.0
3.844,-0.354621,0.026205,-0.328416,250.0
3.848,-0.335495,-0.200469,-0.535963,250.0
3.852,-0.3222,-0.021945,-0.344145,250.0
3.856,-0.314745,-0.007122,-0.321867,250.0
3.86,-0.313039,-0.272948,-0.585988,250.0
3.864,-0.316895,-0.051166,-0.368062,250.0
3.868,-0.326031,-0.148438,-0.474469,250.0
3.872,-0.340073,0.184872,-0.155201,250.0
3.876,-0.358566,0.006922,-0.351644,250.0
3.88,-0.380978,-0.056559,-0.437537,250.0
3.884,-0.406709,-0.021236,-0.427946,250.0
3.888,-0.435101,0.044624,-0.390476,250.0
3.892,-0.465446,0.123363,-0.342083,250.0
3.896,-0.497004,-0.199942,-0.696946,250.0
3.9,-0.529007,-0.208318,-0.737324,250.0
3.904,-0.560675,0.220936,-0.33974,250.0
3.908,-0.591231,-0.082467,-0.673698,250.0
3.912,-0.619907,-0.283368,-0.903275,250.0
3.916,-0.645962,0.088763,-0.5572,250.0
3.92,-0.668692,0.092674,-0.576018,250.0
3.924,-0.687441,-0.306143,-0.993584,250.0
3.928,-0.701609,0.045896,-0.655713,250.0
3.932,-0.710669,0.147117,-0.563553,250.0
3.936,-0.714167,0.074877,-0.63929,250.0
3.94,-0.711735,0.126396,-0.585338,250.0
3.944,-0.703094,-0.280854,-0.983947,250.0
3.948,-0.68806,0.066208,-0.621852,250.0
3.952,-0.666548,-0.060524,-0.727072,250.0
3.956,-0.638572,-0.096558,-0.73513,250.0
3.96,-0.604244,0.174111,-0.430132,250.0
3.964,-0.563775,0.295855,-0.26792,250.0
3.968,-0.51747,0.358874,-0.158596,250.0
3.972,-0.465726,0.262962,-0.202764,250.0
3.976,-0.409022,-0.021947,-0.430969,250.0
3.98,-0.347914,0.070544,-0.27737,250.0
3.984,-0.283027,0.153365,-0.129662,250.0
3.988,-0.215044,0.024236,-0.190808,250.0
3.992,-0.144696,0.026153,-0.118543,250.0
3.996,-0.07275,0.164751,0.092,250.0
4.0,-0.0,-0.011857,-0.011857,250.0
4.004,0.07275,-0.145857,-0.073107,250.0
4.008,0.144696,-0.082895,0.061801,250.0
4.012,0.215044,0.126782,0.341826,250.0
4.016,0.283027,0.000599,0.283626,250.0
4.02,0.347914,0.068042,0.415956,250.0
4.024,0.409022,0.134016,0.543038,250.0
4.028,0.465726,-0.074968,0.390758,250.0
4.032,0.51747,0.15125,0.66872,250.0
4.036,0.563775,0.075769,0.639543,250.0
4.04,0.604244,-0.246963,0.357281,250.0
4.044,0.638572,0.288461,0.927033,250.0
4.048,0.666548,-0.100149,0.566399,250.0
4.052,0.68806,-0.331019,0.357041,250.0
4.056,0.703094,-0.209009,0.494085,250.0
4.06,0.711735,-0.204209,0.507526,250.0
4.064,0.714167,0.010435,0.724602,250.0
4.068,0.710669,-0.05477,0.655899,250.0
4.072,0.701609,-0.067366,0.634243,250.0
4.076,0.687441,0.12394,0.811381,250.0
4.08,0.668692,0.067975,0.736667,250.0
4.084,0.645962,0.06321,0.709172,250.0
4.088,0.619907,0.081966,0.701873,250.0
4.092,0.591231,0.123227,0.714458,250.0
4.096,0.560675,-0.421591,0.139085,250.0
4.1,0.529007,-0.072888,0.456119,250.0
4.104,0.497004,-0.436042,0.060962,250.0
4.108,0.465446,0.007212,0.472658,250.0
4.112,0.435101,-0.000927,0.434174,250.0
4.116,0.406709,0.209106,0.615816,250.0
4.12,0.380978,0.237527,0.618505,250.0
4.124,0.358566,0.040555,0.399121,250.0
4.128,0.340073,-0.100072,0.240001,250.0
4.132,0.326031,0.097032,0.423063,250.0
4.136,0.316895,-0.105584,0.211312,250.0
4.14,0.313039,-0.000279,0.312761,250.0
4.144,0.314745,0.197227,0.511972,250.0
4.148,0.3222,-0.111554,0.210645,250.0
4.152,0.335495,0.161136,0.49663,250.0
4.156,0.354621,0.13548,0.490102,250.0
4.16,0.379473,-0.190958,0.188514,250.0
4.164,0.409843,0.194779,0.604622,250.0
4.168,0.445434,0.139713,0.585147,250.0
4.172,0.485857,0.020385,0.506242,250.0
4.176,0.530638,-0.152465,0.378174,250.0
4.18,0.57923,-0.171841,0.407389,250.0
4.184,0.631016,-0.107533,0.523483,250.0
4.188,0.68532,0.108519,0.793839,250.0
4.192,0.74142,-0.191125,0.550295,250.0
4.196,0.798558,0.087502,0.886061,250.0
4.2,0.855951,-0.248351,0.6076,250.0
4.204,0.912803,-0.040814,0.871989,250.0
4.208,0.968319,0.02193,0.990249,250.0
4.212,1.021718,0.489026,1.510744,250.0
4.216,1.072243,-0.275463,0.79678,250.0
4.22,1.119173,0.294403,1.413576,250.0
4.224,1.161836,0.029968,1.191805,250.0
4.228,1.199621,0.082234,1.281855,250.0
4.232,1.231981,0.02367,1.255651,250.0
4.236,1.258451,0.088945,1.347396,250.0
4.24,1.278647,-0.030737,1.24791,250.0
4.244,1.292275,0.29081,1.583085,250.0
4.248,1.29914,-0.091294,1.207845,250.0
4.252,1.29914,0.226447,1.525587,250.0
4.256,1.292275,-0.128873,1.163402,250.0
4.26,1.278647,-0.01205,1.266596,250.0
4.264,1.258451,-0.214393,1.044059,250.0
4.268,1.231981,0.091005,1.322986,250.0
4.272,1.199621,0.289025,1.488646,250.0
4.276,1.161836,-0.015471,1.146365,250.0
4.28,1.119173,-0.039377,1.079795,250.0
4.284,1.072243,-0.222923,0.849319,250.0
4.288,1.021718,-0.045859,0.97586,250.0
4.292,0.968319,-0.318559,0.649761,250.0
4.296,0.912803,-0.182576,0.730227,250.0
4.3,0.855951,0.045357,0.901308,250.0
4.304,0.798558,0.263803,1.062361,250.0
4.308,0.74142,0.561842,1.303262,250.0
4.312,0.68532,-0.117317,0.568003,250.0
4.316,0.631016,0.28706,0.918076,250.0
4.32,0.57923,0.04875,0.627981,250.0
4.324,0.530638,-0.03025,0.500389,250.0
4.328,0.485857,0.086519,0.572376,250.0
4.332,0.445434,0.012383,0.457818,250.0
4.336,0.409843,0.022079,0.431922,250.0
4.34,0.379473,-0.081667,0.297806,250.0
4.344,0.354621,-0.279622,0.074999,250.0
4.348,0.335495,-0.308725,0.02677,250.0
4.352,0.3222,0.130649,0.452849,250.0
4.356,0.314745,-0.05534,0.259405,250.0
4.36,0.313039,-0.119218,0.193822,250.0
4.364,0.316895,0.001701,0.318597,250.0
4.368,0.326031,0.158986,0.485017,250.0
4.372,0.340073,0.036073,0.376146,250.0
4.376,0.358566,-0.131211,0.227355,250.0
4.38,0.380978,0.245259,0.626237,250.0
4.384,0.406709,0.315837,0.722546,250.0
4.388,0.435101,0.098911,0.534012,250.0
4.392,0.465446,0.194733,0.660179,250.0
4.396,0.497004,0.248392,0.745396,250.0
4.4,0.529007,0.22602,0.755027,250.0
4.404,0.560675,0.12282,0.683495,250.0
4.408,0.591231,0.119669,0.7109,250.0
4.412,0.619907,0.103932,0.723839,250.0
4.416,0.645962,-0.219468,0.426495,250.0
4.42,0.668692,0.140145,0.808837,250.0
4.424,0.687441,-0.271163,0.416278,250.0
4.428,0.701609,-0.15892,0.54269,250.0
4.432,0.710669,0.260713,0.971382,250.0
4.436,0.714167,0.168044,0.882211,250.0
4.44,0.711735,0.29748,1.009214,250.0
4.444,0.703094,-0.054335,0.648759,250.0
4.448,0.68806,-0.23045,0.45761,250.0
4.452,0.666548,-0.048087,0.618461,250.0
4.456,0.638572,0.020406,0.658978,250.0
4.46,0.604244,0.015798,0.620041,250.0
4.464,0.563775,0.226736,0.790511,250.0
4.468,0.51747,-0.072254,0.445216,250.0
4.472,0.465726,0.070407,0.536133,250.0
4.476,0.409022,-0.197725,0.211296,250.0
4.48,0.347914,0.090063,0.437977,250.0
4.484,0.283027,0.000622,0.283649,250.0
4.488,0.215044,-0.149963,0.065081,250.0
4.492,0.144696,-0.047166,0.09753,250.0
4.496,0.07275,-0.036835,0.035915,250.0
4.5,0.0,-0.054031,-0.054031,250.0
4.504,-0.07275,0.354268,0.281518,250.0
4.508,-0.144696,-0.019689,-0.164385,250.0
4.512,-0.215044,-0.048779,-0.263823,250.0
4.516,-0.283027,-0.41949,-0.702517,250.0
4.52,-0.347914,-0.178841,-0.526755,250.0
4.524,-0.409022,-0.052615,-0.461637,250.0
4.528,-0.465726,-0.137171,-0.602897,250.0
4.532,-0.51747,0.276342,-0.241129,250.0
4.536,-0.563775,-0.032988,-0.596762,250.0
4.54,-0.604244,0.257689,-0.346555,250.0
4.544,-0.638572,0.012341,-0.626231,250.0
4.548,-0.666548,0.007446,-0.659103,250.0
4.552,-0.68806,-0.017759,-0.705819,250.0
4.556,-0.703094,0.000759,-0.702334,250.0
4.56,-0.711735,0.343759,-0.367976,250.0
4.564,-0.714167,-0.463922,-1.178089,250.0
4.568,-0.710669,-0.400309,-1.110978,250.0
4.572,-0.701609,-0.108634,-0.810244,250.0
4.576,-0.687441,0.002906,-0.684535,250.0
4.58,-0.668692,0.138021,-0.530672,250.0
4.584,-0.645962,0.094617,-0.551345,250.0
4.588,-0.619907,-0.076849,-0.696756,250.0
4.592,-0.591231,0.203809,-0.387422,250.0
4.596,-0.560675,0.206039,-0.354636,250.0
4.6,-0.529007,0.036812,-0.492195,250.0
4.604,-0.497004,0.192532,-0.304472,250.0
4.608,-0.465446,0.054529,-0.410917,250.0
4.612,-0.435101,-0.112297,-0.547397,250.0
4.616,-0.406709,0.139563,-0.267146,250.0
4.62,-0.380978,0.022123,-0.358856,250.0
4.624,-0.358566,0.000268,-0.358298,250.0
4.628,-0.340073,0.294591,-0.045482,250.0
4.632,-0.326031,-0.490174,-0.816205,250.0
4.636,-0.316895,-0.283537,-0.600432,250.0
4.64,-0.313039,-0.237414,-0.550453,250.0
4.644,-0.314745,-0.072652,-0.387397,250.0
4.648,-0.3222,-0.050922,-0.373121,250.0
4.652,-0.335495,-0.301465,-0.63696,250.0
4.656,-0.354621,-0.197032,-0.551653,250.0
4.66,-0.379473,-0.172168,-0.551641,250.0
4.664,-0.409843,0.491485,0.081642,250.0
4.668,-0.445434,0.360348,-0.085086,250.0
4.672,-0.485857,-0.08235,-0.568207,250.0
4.676,-0.530638,-0.072717,-0.603355,250.0
4.68,-0.57923,-0.229841,-0.809071,250.0
4.684,-0.631016,-0.381626,-1.012642,250.0
4.688,-0.68532,-0.023376,-0.708696,250.0
4.692,-0.74142,-0.19957,-0.94099,250.0
4.696,-0.798558,-0.01697,-0.815528,250.0
4.7,-0.855951,-0.320041,-1.175992,250.0
4.704,-0.912803,-0.152395,-1.065198,250.0
4.708,-0.968319,0.029725,-0.938594,250.0
4.712,-1.021718,0.073242,-0.948476,250.0
4.716,-1.072243,0.083494,-0.988748,250.0
4.72,-1.119173,-0.264098,-1.38327,250.0
4.724,-1.161836,0.170937,-0.990899,250.0
4.728,-1.199621,-0.160042,-1.359663,250.0
4.732,-1.231981,0.126572,-1.10541,250.0
4.736,-1.258451,-0.002128,-1.260579,250.0
4.74,-1.278647,-0.275277,-1.553924,250.0
4.744,-1.292275,-0.06324,-1.355515,250.0
4.748,-1.29914,0.073073,-1.226067,250.0
4.752,-1.29914,0.122593,-1.176547,250.0
4.756,-1.292275,-0.028198,-1.320473,250.0
4.76,-1.278647,0.306356,-0.972291,250.0
4.764,-1.258451,0.201502,-1.056949,250.0
4.768,-1.231981,-0.051331,-1.283312,250.0
4.772,-1.199621,0.150024,-1.049596,250.0
4.776,-1.161836,0.386759,-0.775077,250.0
4.78,-1.119173,0.392097,-0.727076,250.0
4.784,-1.072243,-0.2456,-1.317843,250.0
4.788,-1.021718,-0.185307,-1.207025,250.0
4.792,-0.968319,0.296984,-0.671336,250.0
4.796,-0.912803,-0.211656,-1.124459,250.0
4.8,-0.855951,-0.264508,-1.120459,250.0
4.804,-0.798558,-0.097239,-0.895797,250.0
4.808,-0.74142,0.084045,-0.657375,250.0
4.812,-0.68532,-0.020479,-0.705799,250.0
4.816,-0.631016,-0.130113,-0.761128,250.0
4.82,-0.57923,-0.134842,-0.714073,250.0
4.824,-0.530638,-0.142467,-0.673106,250.0
4.828,-0.485857,-0.175902,-0.661759,250.0
4.832,-0.445434,0.456327,0.010892,250.0
4.836,-0.409843,0.059502,-0.350341,250.0
4.84,-0.379473,0.177352,-0.202121,250.0
4.844,-0.354621,-0.097815,-0.452437,250.0
4.848,-0.335495,-0.037191,-0.372686,250.0
4.852,-0.3222,-0.142711,-0.46491,250.0
4.856,-0.314745,-0.530342,-0.845086,250.0
4.86,-0.313039,-0.275602,-0.588641,250.0
4.864,-0.316895,-0.362124,-0.679019,250.0
4.868,-0.326031,-0.449957,-0.775987,250.0
4.872,-0.340073,-0.239072,-0.579145,250.0
4.876,-0.358566,0.264991,-0.093575,250.0
4.88,-0.380978,-0.008887,-0.389866,250.0
4.884,-0.406709,0.258113,-0.148596,250.0
4.888,-0.435101,0.082197,-0.352904,250.0
4.892,-0.465446,0.156512,-0.308935,250.0
4.896,-0.497004,-0.180179,-0.677183,250.0
4.9,-0.529007,0.10479,-0.424217,250.0
4.904,-0.560675,0.145743,-0.414933,250.0
4.908,-0.591231,-0.115329,-0.70656,250.0
4.912,-0.619907,0.111908,-0.507999,250.0
4.916,-0.645962,0.113238,-0.532725,250.0
4.92,-0.668692,-0.109911,-0.778603,250.0
4.924,-0.687441,-0.224554,-0.911994,250.0
4.928,-0.701609,-0.236826,-0.938435,250.0
4.932,-0.710669,0.017301,-0.693368,250.0
4.936,-0.714167,0.065402,-0.648765,250.0
4.94,-0.711735,-0.158505,-0.87024,250.0
4.944,-0.703094,0.005317,-0.697776,250.0
4.948,-0.68806,0.114107,-0.573953,250.0
4.952,-0.666548,0.123638,-0.54291,250.0
4.956,-0.638572,0.310376,-0.328196,250.0
4.96,-0.604244,0.255396,-0.348847,250.0
4.964,-0.563775,-0.200258,-0.764033,250.0
4.968,-0.51747,0.336717,-0.180753,250.0
4.972,-0.465726,-0.106195,-0.571921,250.0
4.976,-0.409022,0.208975,-0.200047,250.0
4.98,-0.347914,0.013597,-0.334317,250.0
4.984,-0.283027,-0.08243,-0.365457,250.0
4.988,-0.215044,-0.361539,-0.576583,250.0
4.992,-0.144696,-0.034313,-0.179009,250.0
4.996,-0.07275,-0.311877,-0.384627,250.0
