time_sec,ecg_signal
0.0,0.0
0.004001600640256103,0.18851657335228286
0.008003201280512205,0.22009167372421798
0.012004801920768308,0.08356707111037635
0.01600640256102441,-0.07608535423065316
0.020008003201280513,-0.0924656062707241
0.024009603841536616,0.06764522173101728
0.028011204481792718,0.2734044953260055
0.03201280512204882,0.35144509773751054
0.03601440576230493,0.24691895447956075
0.040016006402561026,0.07443345195740067
0.044017607042817125,0.011559522275975453
0.04801920768307323,0.13384515277077474
0.05202080832332934,0.34461104918201335
0.056022408963585436,0.4647501134236441
0.060024009603841535,0.3991047220388323
0.06402561024409764,0.22485303730621703
0.06802721088435375,0.11979120486314826
0.07202881152460985,0.19713914628983512
0.07603041216486595,0.4003396483661017
0.08003201280512205,0.5555851289011592
0.08403361344537816,0.5332733750436511
0.08803521408563425,0.36839572191917314
0.09203681472589036,0.2280139622357441
0.09603841536614646,0.25604079376799793
0.10004001600640257,0.4395267921996327
0.10404161664665867,0.6206767790588856
0.10804321728691477,0.6434320836410088
0.11204481792717087,0.49844000769361974
0.11604641856742698,0.331730131417206
0.12004801920768307,0.30903696195936436
0.12404961984793918,0.4618166996984917
0.12805122048819528,0.6580125342562326
0.13205282112845138,0.7247282768416083
0.1360544217687075,0.6088433686544691
0.1400560224089636,0.4263537865978951
0.1440576230492197,0.35459988115587515
0.1480592236894758,0.46750427694412494
0.1520608243297319,0.6668880889350667
0.156062424969988,0.7736744709985875
0.1600640256102441,0.694249053196901
0.1640656262505002,0.5074241336383597
0.16806722689075632,0.3912146518620725
0.1720688275310124,0.45745296065711083
0.1760704281712685,0.6478895481701004
0.18007202881152462,0.7883048262766301
0.1840736294517807,0.7503607405522191
0.18807523009203683,0.5708278806945394
0.19207683073229292,0.41742303010499293
0.19607843137254902,0.43299495478379574
0.20008003201280514,0.6028138574102188
0.20408163265306123,0.7682560203705882
0.20808323329331735,0.7741702507606445
0.21208483393357344,0.6130188943764021
0.21608643457382953,0.43188269371183474
0.22008803521408565,0.39582179370556514
0.22408963585434175,0.5345340455396218
0.22809123649459784,0.7147689994512844
0.23209283713485396,0.7641256950907261
0.23609443777511005,0.6312229010586627
0.24009603841536614,0.433439510276482
0.24409763905562226,0.3478730250551657
0.24809923969587835,0.446818507437613
0.25210084033613445,0.6306122898445554
0.25610244097639057,0.7202303644117842
0.2601040416166467,0.623615147852801
0.26410564225690275,0.4212087537427075
0.26810724289715887,0.2912301439931901
0.272108843537415,0.34411560430763033
0.27611044417767105,0.5199316050059098
0.2801120448179272,0.6440661362593847
0.2841136454581833,0.5894598171777365
0.2881152460984394,0.3946598771749439
0.2921168467386955,0.22802179970139125
0.2961184473789516,0.23131621162760022
0.3001200480192077,0.38803424128597275
0.3041216486594638,0.5387390526651004
0.3081232492997199,0.529201568808634
0.312124849939976,0.3536984571246264
0.3161264505802321,0.1603448324616478
0.3201280512204882,0.11350744247533986
0.32412965186074433,0.24112002115677195
0.3281312525010004,0.40874877157765654
0.3321328531412565,0.44450179616195046
0.33613445378151263,0.2987383708204142
0.3401360544217687,0.09020400557710218
0.3441376550620248,-0.00426938945981431
0.34813925570228094,0.08597314164527484
0.352140856342537,0.25978760381982413
0.3561424569827931,0.3382149212809269
0.36014405762304924,0.23075721330289667
0.36414565826330536,0.019471502517525566
0.3681472589035614,-0.11724439046099663
0.37214885954381755,-0.07036891483568536
0.37615046018407367,0.0984785940801834
0.38015206082432973,0.21430317245834227
0.38415366146458585,0.1513284360783843
0.38815526210484197,-0.05013449879816351
0.39215686274509803,-0.2211176472693564
0.39615846338535415,-0.22095233777479562
0.4001600640256103,-0.06793461974091965
0.40416166466586634,0.07769161949209531
0.40816326530612246,0.06262468405377641
0.4121648659463786,-0.11705445663470587
0.4161664665866347,-0.31222214775928325
0.42016806722689076,-0.3592327563441613
0.4241696678671469,-0.23193081288664422
0.428171268507403,-0.06593140344230453
0.43217286914765907,-0.03261172105154797
0.4361744697879152,-0.17987889822438452
0.4401760704281713,-0.38764493462756516
0.44417767106842737,-0.47937368101420014
0.4481792717086835,-0.3860698705744719
0.4521808723489396,-0.21036017264364237
0.4561824729891957,-0.13113333398778498
0.4601840736294518,-0.23733119654042578
0.4641856742697079,-0.4453030450349805
0.468187274909964,-0.5765032467712665
0.4721888755502201,-0.5233490873605244
0.4761904761904762,-0.3491526077803708
0.4801920768307323,-0.229287202473174
0.4841936774709884,-0.2882467436695709
0.4881952781112445,-0.4839735275818147
0.49219687875150064,-0.6469173817807292
0.4961984793917567,-0.6375390291159344
0.5002000800320128,-0.4759330308091272
0.5042016806722689,-0.3231472615868483
0.508203281312525,-0.33155361972322905
0.5122048819527811,-0.5032794578356586
0.5162064825930373,-0.6882206020412127
0.5202080832332934,-0.7234819273158904
0.5242096838735495,-0.5847016053375308
0.5282112845138055,-0.4086749019658841
0.5322128851540616,-0.3662594419982902
0.5362144857943177,-0.5036362404576812
0.5402160864345739,-0.6993991089121805
0.54421768707483,-0.7773374939224762
0.5482192877150861,-0.670134586052438
0.5522208883553421,-0.48190093638993
0.5562224889955982,-0.3914482421909835
0.5602240896358543,-0.48616445714504786
0.5642256902761105,-0.6808245422103858
0.5682272909163666,-0.7967637694075174
0.5722288915566227,-0.7278595384672152
0.5762304921968788,-0.5391203159561383
0.5802320928371348,-0.4062900289467206
0.584233693477391,-0.45257699189704953
0.5882352941176471,-0.6341904093403352
0.5922368947579032,-0.7810239982990769
0.5962384953981593,-0.7546905939605475
0.6002400960384154,-0.577089508340269
0.6042416966786714,-0.4100642442225423
0.6082432973189276,-0.4050490703823608
0.6122448979591837,-0.562386667825856
0.6162464985994398,-0.7310143814627148
0.6202480992396959,-0.7488105525812694
0.624249699879952,-0.5932155603143794
0.6282513005202081,-0.40219672971629283
0.6322529011604642,-0.3460801587129807
0.6362545018007203,-0.46932099812806527
0.6402561024409764,-0.6492116715577959
0.6442577030812325,-0.7098891561098697
0.6482593037214887,-0.5857256074692528
0.6522609043617448,-0.3823082103304375
0.6562625050020008,-0.2783563882472798
0.6602641056422569,-0.35969780603796203
0.664265706282513,-0.5395437330889451
0.6682673069227691,-0.639130001058076
0.6722689075630253,-0.5538060115364435
0.6762705082032814,-0.3502708042536825
0.6802721088435374,-0.20462135424854533
0.6842737094837935,-0.23876781501389902
0.6882753101240496,-0.4071901552204416
0.6922769107643058,-0.5392421818438886
0.6962785114045619,-0.4977014042910922
0.700280112044818,-0.306267806247554
0.704281712685074,-0.12756185793344854
0.7082833133253301,-0.11206216641872674
0.7122849139655862,-0.2583235694971409
0.7162865146058424,-0.41433665495975347
0.7202881152460985,-0.41876565868234084
0.7242897158863546,-0.2508510694200357
0.7282913165266107,-0.04971353166815512
0.7322929171668667,0.014874796537272333
0.7362945178071229,-0.09980529479654679
0.740296118447379,-0.26975128345938904
0.7442977190876351,-0.3194591132014775
0.7482993197278912,-0.18498981552803762
0.7523009203681473,0.02661056656523869
0.7563025210084033,0.13674041639277326
0.7603041216486595,0.061148848605284585
0.7643057222889156,-0.11181233865748
0.7683073229291717,-0.20328912767700705
0.7723089235694278,-0.11010468986236346
0.7763105242096839,0.09936724246848605
0.7803121248499401,0.24870389956724331
0.7843137254901961,0.21731535901171603
0.7883153261304522,0.052456310566590766
0.7923169267707083,-0.07469409953603355
0.7963185274109644,-0.028081365685973386
0.8003201280512205,0.16680707662092162
0.8043217286914767,0.34660130326323224
0.8083233293317327,0.36180488509439
0.8123249299719888,0.2156621961555003
0.8163265306122449,0.061125752008232836
0.820328131252501,0.05874101899246009
0.8243297318927572,0.2274773952429526
0.8283313325330133,0.4270872526120746
0.8323329331732694,0.4883819641127394
0.8363345338135254,0.37039514285915753
0.8403361344537815,0.1984244045514532
0.8443377350940376,0.14760989225503315
0.8483393357342938,0.2802081375388516
0.8523409363745499,0.48773805966595823
0.856342537014806,0.5917469803939248
0.860344137655062,0.5095824419138012
0.8643457382953181,0.33116354565923756
0.8683473389355743,0.23542927215264467
0.8723489395758304,0.32408546533209137
0.8763505402160865,0.5271038401633169
0.8803521408563426,0.6677668897918823
0.8843537414965986,0.626830308285866
0.8883553421368547,0.45329181358532455
0.8923569427771109,0.31885928743901426
0.896358543417367,0.35841851835033844
0.9003601440576231,0.5447101449904347
0.9043617446978792,0.7136441665527691
0.9083633453381353,0.7167341972104517
0.9123649459783914,0.559036117095699
0.9163665466186475,0.39444256149314905
0.9203681472589036,0.3827047983155764
0.9243697478991597,0.5410123694222856
0.9283713485394158,0.7280168486098888
0.932372949179672,0.7751420647370433
0.936374549819928,0.643190209159624
0.9403761504601841,0.4587527164096824
0.9443777511004402,0.39659927516754545
0.9483793517406963,0.5173086192992038
0.9523809523809524,0.7109862899214325
0.9563825530212086,0.799357023827195
0.9603841536614646,0.7013853062417839
0.9643857543017207,0.5085583204180524
0.9683873549419768,0.39989149150942993
0.9723889555822329,0.4756186693230552
0.976390556222489,0.6640730636980136
0.9803921568627452,0.788268946800676
0.9843937575030013,0.7303280004467988
0.9883953581432573,0.5409939845720716
0.9923969587835134,0.3924937696220215
0.9963985594237695,0.4185380472503668
1.0004001600640255,2.090105185645351
1.0044017607042817,2.2424082299584427
1.0084033613445378,2.2279920027155917
1.012404961984794,2.053729139220562
1.01640656262505,1.8744421973930163
1.0204081632653061,0.34907705922063714
1.0244097639055623,0.4930462390165019
1.0284113645458184,0.6639189685125471
1.0324129651860745,0.6937523298770897
1.0364145658263306,0.5451243877487854
1.0404161664665867,0.3459105017812114
1.0444177671068429,0.27049471643817435
1.048419367747099,0.3777739020739698
1.0524209683873549,0.556452970326468
1.056422569027611,0.6284533083087076
1.0604241696678671,0.5143653132391982
1.0644257703081232,0.30723533751925686
1.0684273709483794,0.18613705301586558
1.0724289715886355,0.24982165371135662
1.0764305722288916,0.4249901379160872
1.0804321728691477,0.5344050723344896
1.0844337735094038,0.4615642345773637
1.08843537414966,0.258950052253173
1.092436974789916,0.09928829806737638
1.0964385754301722,0.1150979542173089
1.1004401760704283,0.27559454674782735
1.1044417767106842,0.41530691222868554
1.1084433773509403,0.3878216633343087
1.1124449779911965,0.2018227568629371
1.1164465786314526,0.013041874371950174
1.1204481792717087,-0.020402099591279088
1.1244497799119648,0.11511883832589732
1.128451380552221,0.27609967617987174
1.132452981192477,0.29524105177373833
1.1364545818327332,0.1368936344911678
1.1404561824729893,-0.06980364020159391
1.1444577831132454,-0.1508777793656249
1.1484593837535015,-0.04912784812856051
1.1524609843937577,0.12275324080961082
1.1564625850340136,0.18689275693785293
1.1604641856742697,0.06550594315458913
1.1644657863145258,-0.14682049711933431
1.168467386954782,-0.27098246339209225
1.172468987595038,-0.20973139976994026
1.1764705882352942,-0.038001377452510116
1.1804721888755503,0.06672585292634411
1.1844737895158064,-0.01067484562328011
1.1884753901560625,-0.21599872407205645
1.1924769907963186,-0.3760498478419936
1.1964785914365748,-0.3595258379792714
1.2004801920768309,-0.19898259490763578
1.2044817927170868,-0.06057064744289262
1.208483393357343,-0.08965885979229324
1.212484993997599,-0.2757650777136929
1.2164865946378551,-0.46227664982443895
1.2204881952781113,-0.49193022768368627
1.2244897959183674,-0.3528963730632258
1.2284913965586235,-0.18975261901692334
1.2324929971988796,-0.1691507456591597
1.2364945978391357,-0.32497685714629826
1.2404961984793919,-0.5268545631069662
1.244497799119648,-0.6012526389626505
1.248499399759904,-0.49268503845266887
1.2525010004001602,-0.31524430098000494
1.2565026010404161,-0.24659250345780176
1.2605042016806722,-0.36289491435390575
1.2645058023209284,-0.5680472615136105
1.2685074029611845,-0.6829463232466588
1.2725090036014406,-0.611869172465261
1.2765106042416967,-0.43139047372054334
1.2805122048819528,-0.31923138116552224
1.284513805522209,-0.38914126019485673
1.288515406162465,-0.5852113877329359
1.2925170068027212,-0.7338059430337206
1.2965186074429773,-0.7048650681382271
1.3005202080832334,-0.5327253001399859
1.3045218087234896,-0.3842120835457512
1.3085234093637454,-0.4036472510139736
1.3125250100040016,-0.5787635322273298
1.3165266106442577,-0.7520949811240318
1.3205282112845138,-0.767261327126107
1.32452981192477,-0.6142443173688407
1.328531412565026,-0.43869058266658745
1.3325330132052822,-0.4065984292043535
1.3365346138455383,-0.5500980238746863
1.3405362144857944,-0.7375991659314709
1.3445378151260505,-0.7960401384401026
1.3485394157663066,-0.6716653023628133
1.3525410164065628,-0.4799648988258531
1.3565426170468189,-0.39838169456628114
1.3605442176870748,-0.501462766894901
1.364545818327331,-0.691604675132748
1.368547418967587,-0.7897315408056494
1.3725490196078431,-0.7016637569374143
1.3765506202480993,-0.5056164975493683
1.3805522208883554,-0.37953964962505254
1.3845538215286115,-0.4358022425191471
1.3885554221688676,-0.6168038031137618
1.3925570228091237,-0.7484923773805635
1.3965586234493799,-0.7020695885445336
1.400560224089636,-0.5136545513018611
1.404561824729892,-0.3507357690198105
1.408563425370148,-0.3565780595420126
1.4125650260104041,-0.5171344838950955
1.4165666266506602,-0.6741055228661544
1.4205682272909164,-0.6720131794223441
1.4245698279311725,-0.5026543583435668
1.4285714285714286,-0.31273259298721384
1.4325730292116847,-0.267578036410566
1.4365746298519408,-0.39756335134020016
1.440576230492197,-0.5698990896491116
1.444577831132453,-0.6120113687623365
1.4485794317727092,-0.4718807846069787
1.4525810324129653,-0.26638355723228335
1.4565826330532214,-0.17272472206567305
1.4605842336934773,-0.2638247198393615
1.4645858343337335,-0.44058947737330756
1.4685874349739896,-0.5239868066885958
1.4725890356142457,-0.4213877540122931
1.4765906362545018,-0.21263747406344663
1.480592236894758,-0.07589354800372228
1.484593837535014,-0.12212984467274665
1.4885954381752702,-0.2920560926759
1.4925970388155263,-0.41121752377797394
1.4965986394557824,-0.35208557772582005
1.5006002400960385,-0.15255320004857484
1.5046018407362947,0.019250477246096437
1.5086034413765508,0.021138021505669263
1.5126050420168067,-0.13105911655509545
1.5166066426570628,-0.2782172146014863
1.520608243297319,-0.26576926360391406
1.524609843937575,-0.0873207816560373
1.5286114445778312,0.10939036249371914
1.5326130452180873,0.15972696661863703
1.5366146458583434,0.035085357551666974
1.5406162464985995,-0.13055045785331412
1.5446178471388556,-0.16510282441155738
1.5486194477791118,-0.018284462655838704
1.5526210484193679,0.19166392163438617
1.556622649059624,0.2878029090679684
1.5606242496998801,0.19885631132056064
1.564625850340136,0.025409319537040398
1.5686274509803921,-0.05355691187764766
1.5726290516206483,0.05303755908715228
1.5766306522609044,0.26373691683448497
1.5806322529011605,0.4002053711436036
1.5846338535414166,0.35288711278688284
1.5886354541816727,0.18276808599003597
1.5926370548219289,0.06470028356742821
1.596638655462185,0.12494177719352265
1.600640256102441,0.32384200814179187
1.6046418567426972,0.49266075104983315
1.6086434573829533,0.4903150014263272
1.6126450580232095,0.3344318999362895
1.6166466586634654,0.18495616135239618
1.6206482593037215,0.19554114751656515
1.6246498599439776,0.3707851314687932
1.6286514605842337,0.5619439660118668
1.6326530612244898,0.6051032147720434
1.636654661864746,0.47344428481968026
1.640656262505002,0.3021454081563635
1.6446578631452582,0.2627838325435238
1.6486594637855143,0.40392284366540604
1.6526610644257704,0.6059824048376067
1.6566626650660266,0.6923197687776492
1.6606642657062827,0.5933233184752934
1.6646658663465388,0.4110722351775215
1.6686674669867947,0.324491504688008
1.6726690676270508,0.4231157213040022
1.676670668267307,0.6238994182645274
1.680672268907563,0.7483592858372167
1.6846738695478192,0.6883811746295576
1.6886754701880753,0.5066529065496002
1.6926770708283314,0.3784182277050728
1.6966786714685875,0.4286639927017924
1.7006802721088436,0.6159978968303835
1.7046818727490998,0.7710973475800669
1.708683473389356,0.7540094872320042
1.712685074029612,0.5841665898660272
1.716686674669868,0.42232917704120904
1.720688275310124,0.42123216792174845
1.7246898759503801,0.5836876496825414
1.7286914765906363,0.7599704606074593
1.7326930772308924,0.7869154487253441
1.7366946778711485,0.6395014629683785
1.7406962785114046,0.4540966362726934
1.7446978791516607,0.40176949250410743
1.7486994797919169,0.5293631289711876
1.752701080432173,0.7159786606591103
1.756702681072429,0.785295927949726
1.7607042817126852,0.6693826278470361
1.7647058823529413,0.47180895332821404
1.7687074829931972,0.3714326073814396
1.7727090836334534,0.45624039300064445
1.7767106842737095,0.6416118264336594
1.7807122849139656,0.7489399811780413
1.7847138855542217,0.6715687622215851
1.7887154861944778,0.47388659141525624
1.792717086834734,0.33151590401234626
1.79671868747499,0.3681639496840424
1.8007202881152462,0.5407047067728817
1.8047218887555023,0.6792537685472331
1.8087234893957584,0.6450055871414657
1.8127250900360146,0.45919818969038106
1.8167266906762707,0.2833938043373047
1.8207282913165266,0.26939519158191166
1.8247298919567827,0.41822927127821985
1.8287314925970388,0.5792058833093156
1.832733093237295,0.589926103902919
1.836734693877551,0.4271687629249524
1.8407362945178072,0.22847767744530795
1.8447378951580633,0.164394489135872
1.8487394957983194,0.2800360825672127
1.8527410964385755,0.4531952368151885
1.8567426970788317,0.5078900703083284
1.8607442977190878,0.37787189625696127
1.864745898359344,0.16818845239703878
1.8687474989996,0.057608657607106345
1.872749099639856,0.13255879766312326
1.876750700280112,0.30684769258446765
1.8807523009203682,0.4017582189769029
1.8847539015606243,0.3120980764728164
1.8887555022008804,0.10394433009765472
1.8927571028411365,-0.046725494213847696
1.8967587034813926,-0.01750248395888429
1.9007603041216488,0.14675138626447554
1.9047619047619049,0.2756001094345452
1.908763505402161,0.2313921544217143
1.9127651060424171,0.03716146497361327
1.9167667066826732,-0.14475240122403749
1.9207683073229291,-0.1635025712112539
1.9247699079631853,-0.019856101144370232
1.9287715086034414,0.1345380664554665
1.9327731092436975,0.13805432522633532
1.9367747098839536,-0.030735803017981615
1.9407763105242097,-0.23313665739789896
1.9447779111644659,-0.2991609365078505
1.948779511804722,-0.18543300981066782
1.952781112444978,-0.01546680956399149
1.9567827130852342,0.035100877687739535
1.9607843137254903,-0.09829953549047118
1.9647859143657465,-0.3091648321046679
1.9687875150060026,-0.418844610086334
1.9727891156462585,-0.34249369184032163
1.9767907162865146,-0.16787727076115888
1.9807923169267707,-0.0738167985272715
1.9847939175670268,-0.1640425085911211
1.988795518207283,-0.3708078899596078
1.992797118847539,-0.5178107721873966
1.9967987194877952,-0.48396572751842093
2.000800320128051,1.1841209815540918
2.0048019207683074,1.315466021718934
2.0088035214085633,1.273572758248517
2.0128051220488197,1.083255614247609
2.0168067226890756,0.9076018992308256
2.020808323329332,-0.6035258530336561
2.024809923969588,-0.45270181367349116
2.028811524609844,-0.2925315938075864
2.0328131252501,-0.2838643535163742
2.0368147258903564,-0.4463469102790724
2.0408163265306123,-0.6401589521732365
2.0448179271708686,-0.6958978275526455
2.0488195278111245,-0.5719466010228512
2.0528211284513804,-0.39312640105664365
2.0568227290916368,-0.33472404201716555
2.0608243297318927,-0.4596362648523544
2.064825930372149,-0.6599278117980629
2.068827531012405,-0.7570974023613062
2.0728291316526612,-0.6679019395574819
2.076830732292917,-0.48168398632195175
2.0808323329331735,-0.3773632981473003
2.0848339335734294,-0.45720942857118185
2.0888355342136857,-0.6518249553082813
2.0928371348539416,-0.78461236913298
2.096838735494198,-0.7358332268380593
2.100840336134454,-0.5538443844093
2.1048419367747098,-0.41016998211682465
2.108843537414966,-0.4401484707610225
2.112845138055222,-0.6171977085479923
2.1168467386954783,-0.7775091018538383
2.1208483393357342,-0.7722292970199911
2.1248499399759906,-0.6057487033552583
2.1288515406162465,-0.4316232393341596
2.132853141256503,-0.4099181044753536
2.1368547418967587,-0.5585048945548926
2.140856342537015,-0.7364608772821761
2.144857943177271,-0.7749929273044747
2.1488595438175273,-0.634254401532909
2.152861144457783,-0.4403680250709437
2.156862745098039,-0.36825956626651424
2.1608643457382954,-0.4791528363996771
2.1648659463785513,-0.6636973487981811
2.1688675470188077,-0.7435645037709117
2.1728691476590636,-0.6371268133978163
2.17687074829932,-0.4352998811074561
2.180872348939576,-0.31708797050346704
2.184873949579832,-0.38329350129082057
2.188875550220088,-0.5628786340564714
2.1928771508603444,-0.6789714388387772
2.1968787515006003,-0.6131952019087062
2.2008803521408566,-0.41565469077926953
2.2048819527811125,-0.25839928569458726
2.2088835534213684,-0.2755969173438939
2.212885154061625,-0.4389013358477187
2.2168867547018807,-0.5837997221949877
2.220888355342137,-0.5624630167675395
2.224889955982393,-0.38109704896791907
2.2288915566226493,-0.19419170741427316
2.232893157262905,-0.1610108045232335
2.2368947579031615,-0.29764724034323026
2.2408963585434174,-0.4620880215638947
2.2448979591836737,-0.4861641018096899
2.2488995598239296,-0.3318002177971754
2.252901160464186,-0.126404572047799
2.256902761104442,-0.044520415325289
2.2609043617446978,-0.14568824588847606
2.264905962384954,-0.31914880983769783
2.26890756302521,-0.38675922398489326
2.2729091636654664,-0.2685104669480948
2.2769107643057223,-0.056876196640125484
2.2809123649459786,0.06907909640404339
2.2849139655862345,0.010036876645407852
2.288915566226491,-0.1613248579284794
2.2929171668667467,-0.2678703552785631
2.296918767507003,-0.19258895665265052
2.300920368147259,0.012679722939410915
2.3049219687875153,0.17538680133488507
2.308923569427771,0.16255710555588362
2.312925170068027,0.0043071155019271355
2.3169267707082835,-0.13415346283918425
2.3209283713485394,-0.10602521256535578
2.3249299719887957,0.08068113997921995
2.3289315726290516,0.27056753877516393
2.332933173269308,0.3051981146657167
2.336934773909564,0.17027099789235098
2.34093637454982,0.008886033718530889
2.344937975190076,-0.011417628815628605
2.3489395758303324,0.1456714580211115
2.3529411764705883,0.35148412844160376
2.356942777110844,0.4318891305700677
2.3609443777511006,0.32904731559459327
2.3649459783913565,0.15512769035210333
2.368947579031613,0.08808175293104059
2.3729491796718687,0.20630446331348212
2.376950780312125,0.4157860946201841
2.380952380952381,0.5374327942744084
2.3849539815926373,0.4734328174402871
2.388955582232893,0.2981099244593745
2.3929571828731495,0.18885880782714223
2.3969587835134054,0.26132533707199007
2.4009603841536618,0.4619534458053211
2.4049619847939177,0.6177253931659508
2.4089635854341735,0.5968854283298317
2.41296518607443,0.431330439566722
2.416966786714686,0.2869635298676536
2.420968387354942,0.30955282708046383
2.424969987995198,0.4892966872493981
2.4289715886354544,0.6699177271053557
2.4329731892757103,0.6938371075035267
2.4369747899159666,0.5485584227116062
2.4409763905562225,0.3782667948327833
2.444977991196479,0.3498673262855405
2.4489795918367347,0.49791665702759336
2.452981192476991,0.6925102232352767
2.456982793117247,0.7599587925153662
2.460984393757503,0.6441426676134189
2.4649859943977592,0.45864134574235643
2.468987595038015,0.38120884163468477
2.4729891956782715,0.48862983039011954
2.4769907963185274,0.6853795231613296
2.4809923969587837,0.7923640985052957
2.4849939975990396,0.71329954251404
2.488995598239296,0.5241586640080089
2.492997198879552,0.40258770194528926
2.496998799519808,0.4628663219097586
2.501000400160064,0.6497374280259535
2.5050020008003204,0.7897416375822609
2.5090036014405763,0.7523653669695384
2.5130052020808322,0.5712917968636253
2.5170068027210886,0.4131094391183897
2.5210084033613445,0.42254885339824655
2.525010004001601,0.5880265975005398
2.5290116046418567,0.7524095502679446
2.533013205282113,0.7589992699888227
2.537014805922369,0.5971131465329979
2.5410164065626253,0.4120136938357608
2.545018007202881,0.36996140846068803
2.5490196078431375,0.5037605667453042
2.5530212084833934,0.6822898960611394
2.5570228091236498,0.7323249060752663
2.5610244097639057,0.5994757813695558
2.5650260104041616,0.3987253697906431
2.569027611044418,0.3076161615783277
2.573029211684674,0.4013183036546103
2.57703081232493,0.5828047116685483
2.581032412965186,0.6730023925857118
2.5850340136054424,0.5771670602916598
2.5890356142456983,0.3729147190292406
2.5930372148859546,0.23812658842723333
2.5970388155262105,0.28570554303774714
2.601040416166467,0.45869958663957333
2.6050420168067228,0.5832253472481082
2.609043617446979,0.530024285077411
2.613045218087235,0.3345617102901068
2.617046818727491,0.1640935069296408
2.6210484193677472,0.16229641081864352
2.625050020008003,0.3158043081211434
2.6290516206482595,0.4666417621066741
2.6330532212885154,0.45900368359438315
2.6370548219287717,0.2840190242520043
2.6410564225690276,0.0880092663852993
2.645058023209284,0.03656934077048507
2.64905962384954,0.1607432903870067
2.653061224489796,0.32820144093486936
2.657062825130052,0.3661962117441453
2.6610644257703084,0.2220674249932133
2.6650660264105643,0.012183517563345833
2.6690676270508202,-0.08614901362532208
2.6730692276910766,0.0006109630844833291
2.6770708283313325,0.17393663226938413
2.681072428971589,0.2547863346598589
2.6850740296118447,0.14995713841560787
2.689075630252101,-0.0613079046300653
2.693077230892357,-0.20091921541667834
2.6970788315326133,-0.15737108232552033
2.701080432172869,0.010686092790918852
2.7050820328131255,0.12895296696753372
2.7090836334533814,0.06942925576416281
2.7130852340936378,-0.13065133327204362
2.7170868347338937,-0.30339287776826085
2.7210884353741496,-0.3061976753952502
2.725090036014406,-0.15422408649968647
2.729091636654662,-0.0062850494026090165
2.733093237294918,-0.01728793198485601
2.737094837935174,-0.19430292715169153
2.7410964385754304,-0.38997618864574946
2.7450980392156863,-0.43940709382632837
2.7490996398559426,-0.3133271420064354
2.7531012404961985,-0.14527335639942238
2.757102841136455,-0.10751141672853559
2.7611044417767108,-0.250979154353379
2.765106042416967,-0.45794705358128324
2.769107643057223,-0.5513753937163861
2.773109243697479,-0.4593724413315938
2.7771108443377353,-0.28196780366998764
2.781112444977991,-0.19816679097005768
2.7851140456182475,-0.2996347013287149
2.7891156462585034,-0.5055226374785183
2.7931172468987597,-0.6375638864199693
2.7971188475390156,-0.5856744017581816
2.801120448179272,-0.41021028014506367
2.805122048819528,-0.28588241056511565
2.809123649459784,-0.33943304911374006
2.81312525010004,-0.5318769853997312
2.817126850740296,-0.6947083100208157
2.8211284513805523,-0.6864357736519967
2.8251300520208082,-0.5240213595678386
2.8291316526610646,-0.36711225350407584
2.8331332533013205,-0.36971512853084154
2.837134853941577,-0.5371111736527732
2.8411364545818327,-0.7209415080267939
2.845138055222089,-0.7570287666570165
2.849139655862345,-0.6178950544447634
2.8531412565026013,-0.4382831592218389
2.857142857142857,-0.3899711648727282
2.8611444577831135,-0.5221809271590379
2.8651460584233694,-0.7158450640310171
2.8691476590636253,-0.79421961207997
2.8731492597038817,-0.6870803398591991
2.8771508603441376,-0.4959601075203854
2.881152460984394,-0.39982008436538397
2.88515406162465,-0.4887887007996639
2.889155662264906,-0.6804291423336882
2.893157262905162,-0.7963250463766178
2.8971588635454184,-0.7278343125151273
2.9011604641856743,-0.53702145678562
2.9051620648259306,-0.3989997459138922
2.9091636654661865,-0.439248755596408
2.913165266106443,-0.6170435387357603
2.917166866746699,-0.7632927127470892
2.9211684673869547,-0.7376329021485649
2.925170068027211,-0.5588347390503291
2.929171668667467,-0.3873698752322514
2.9331732693077233,-0.3763346958783983
2.937174869947979,-0.5292264472206477
2.9411764705882355,-0.6967014202690828
2.9451780712284914,-0.7153269139303197
2.9491796718687477,-0.5594228132448271
2.9531812725090036,-0.36492802747373243
2.95718287314926,-0.3031192413267054
2.961184473789516,-0.4215005095217711
2.9651860744297722,-0.599681358384953
2.969187675070028,-0.6612337658926799
2.973189275710284,-0.5376099859745748
2.9771908763505404,-0.33183731395612176
2.9811924769907963,-0.22281569865191458
2.9851940776310526,-0.2991281767579171
2.9891956782713085,-0.47675851255436547
2.993197278911565,-0.5771584654474453
2.9971988795518207,-0.49313816334741634
3.001200480192077,1.211536873256784
3.005202080832333,1.3613702790958038
3.0092036814725893,1.3321598461791868
3.013205282112845,1.1663685610614043
3.0172068827531016,1.033659022243154
3.0212084833933575,-0.42674419967503807
3.0252100840336134,-0.23541480404954124
3.0292116846738697,-0.05362858167740303
3.0332132853141256,-0.03355164005882477
3.037214885954382,-0.17689202010129743
3.041216486594638,-0.3333309824991717
3.045218087234894,-0.3401913199062235
3.04921968787515,-0.17358720746434264
3.0532212885154064,0.029366541519500383
3.0572228891556623,0.09791880663868635
3.0612244897959187,-0.013704653405987324
3.0652260904361746,-0.18379488409391054
3.069227691076431,-0.23624973304852467
3.073229291716687,-0.10419661434336369
3.0772308923569427,0.10786175382074256
3.081232492997199,0.2211136535045312
3.085234093637455,0.14853963146483978
3.0892356942777113,-0.024263618542080687
3.093237294917967,-0.11862420813773476
3.0972388955582235,-0.028805222350945667
3.1012404961984794,0.17974364942312746
3.1052420968387358,0.33117134190944963
3.1092436974789917,0.30257647584702146
3.113245298119248,0.13816691993432692
3.117246898759504,0.008170692778729588
3.1212484993997602,0.05067105788043369
3.125250100040016,0.24330511175403635
3.129251700680272,0.4240212089727031
3.1332533013205284,0.44161105990706406
3.1372549019607843,0.2961683153283905
3.1412565026010406,0.13898400555840215
3.1452581032412965,0.13197599265021698
3.149259703881553,0.29724612212672835
3.1532613045218087,0.4965303824683257
3.157262905162065,0.5596334225192979
3.161264505802321,0.4425284617455931
3.1652661064425773,0.2682437120604062
3.1692677070828332,0.21255078642413133
3.1732693077230896,0.3406535300869044
3.1772709083633455,0.5465975823117981
3.1812725090036014,0.6516907653820843
3.1852741096438577,0.5704992334580391
3.1892757102841136,0.39020468784611606
3.19327731092437,0.2895977708311612
3.197278911564626,0.3729648799831504
3.201280512204882,0.5731918539236792
3.205282112845138,0.714103719421406
3.2092837134853944,0.6741252771177357
3.2132853141256503,0.4992176277031779
3.2172869147659067,0.36016970066712073
3.2212885154061626,0.39392206809382757
3.225290116046419,0.5763373265410825
3.229291716686675,0.7446166558154919
3.2332933173269307,0.7485370010464478
3.237294917967187,0.5900056389908765
3.241296518607443,0.42128234052950747
3.2452981192476993,0.4035207926266874
3.249299719887955,0.5570479565115445
3.2533013205282115,0.7424757087363656
3.2573029211684674,0.790192542580801
3.2613045218087238,0.6579341997753463
3.2653061224489797,0.4700460506588525
3.269307723089236,0.4019614603137456
3.273309323729492,0.5172187226752574
3.2773109243697482,0.7084320396104238
3.281312525010004,0.7970560296970888
3.28531412565026,0.6992599620474287
3.2893157262905164,0.5038102685020152
3.2933173269307723,0.38960646794430653
3.2973189275710286,0.4594817556611681
3.3013205282112845,0.6446717979934239
3.305322128851541,0.768702684675072
3.3093237294917968,0.7113444773336973
3.313325330132053,0.5203132697088217
3.317326930772309,0.36694765609428365
3.3213285314125653,0.3870373067766931
3.3253301320528212,0.5546780062601442
3.3293317326930776,0.7063450728495883
3.3333333333333335,0.6928203230275465
3.3373349339735894,0.5178284994973196
3.3413365346138457,0.3345863325359292
3.3453381352541016,0.30347023566631165
3.349339735894358,0.44303301032493897
3.353341336534614,0.612778875979564
3.35734293717487,0.6436992556026762
3.361344537815126,0.4952981893490774
3.3653461384553824,0.2932267002559176
3.3693477390956383,0.2125628011816097
3.3733493397358947,0.3151730159869157
3.3773509403761506,0.49225074622605514
3.3813525410164065,0.5654148092766498
3.385354141656663,0.45244498051508036
3.3893557422969187,0.24368192618678505
3.393357342937175,0.11811400063643379
3.397358943577431,0.17710842300752466
3.4013605442176873,0.35025484579571964
3.405362144857943,0.46079505348551775
3.4093637454981995,0.3898528942146954
3.4133653461384554,0.18689057983521132
3.417366946778712,0.023774581467905814
3.4213685474189677,0.03512507070751317
3.425370148059224,0.1932683782937817
3.42937174869948,0.33396484522287717
3.433373349339736,0.30901020884681696
3.437374949979992,0.12393987675660732
3.441376550620248,-0.06709475709994413
3.4453781512605044,-0.10451793959979008
3.4493797519007603,0.028439569249902236
3.4533813525410166,0.19018066574380801
3.4573829531812725,0.21230857741924716
3.461384553821529,0.05609118516516754
3.4653861544617848,-0.15153642291794453
3.469387755102041,-0.23587848867131495
3.473389355742297,-0.13675601576674246
3.4773909563825534,0.03560480669023494
3.4813925570228093,0.10299495651390918
3.485394157663065,-0.015197323552976372
3.4893957583033215,-0.22707688868680437
3.4933973589435774,-0.35359552311000636
3.4973989595838337,-0.29487334721423036
3.5014005602240896,-0.12297093980167209
3.505402160864346,-0.014924498911528528
3.509403761504602,-0.08825612565079968
3.513405362144858,-0.2917744438083213
3.517406962785114,-0.4531146184254926
3.5214085634253705,-0.4388518880443161
3.5254101640656264,-0.27843902454659475
3.5294117647058827,-0.13682663945539586
3.5334133653461386,-0.1612027975031535
3.5374149659863945,-0.3442348113978589
3.541416566626651,-0.5308651390066053
3.5454181672669067,-0.5623478364959767
3.549419767907163,-0.4237120009331036
3.553421368547419,-0.25765487377122087
3.5574229691876753,-0.23195756969260362
3.561424569827931,-0.3835976575418248
3.5654261704681876,-0.5843820456675932
3.5694277711084434,-0.6600281234096084
3.5734293717487,-0.552063718414207
3.5774309723889557,-0.37213664359723125
3.581432573029212,-0.2982788759727772
3.585434173669468,-0.40949863634001993
3.589435774309724,-0.612368610591016
3.59343737494998,-0.7278117621961573
3.597438975590236,-0.6574584867912371
3.6014405762304924,-0.47502502808708436
3.6054421768707483,-0.3578202577136113
3.6094437775110046,-0.4220127983672278
3.6134453781512605,-0.6146995947398796
3.617446978791517,-0.763047024642066
3.621448579431773,-0.734851197081171
3.625450180072029,-0.5613527822005663
3.629451780712285,-0.4082082317288995
3.6334533813525414,-0.4215858813448057
3.6374549819927973,-0.5923676343425024
3.641456582633053,-0.7646163728581712
3.6454581832733095,-0.7804426567996626
3.6494597839135654,-0.6266858102185066
3.6534613845538217,-0.44713888141394176
3.6574629851940776,-0.4089601749775819
3.661464585834334,-0.5473784924818574
3.66546618647459,-0.7329649229051829
3.6694677871148462,-0.7918765341678307
3.673469387755102,-0.6673624710245545
3.6774709883953585,-0.47248912309455704
3.6814725890356144,-0.3851013184031974
3.6854741896758707,-0.48260330247175315
3.6894757903161266,-0.6700522352370634
3.6934773909563825,-0.7683671992774617
3.697478991596639,-0.6807052684102092
3.7014805922368947,-0.4824369679239634
3.705482192877151,-0.3511315946860954
3.709483793517407,-0.4015978354068859
3.7134853941576633,-0.5792311999320906
3.717486994797919,-0.7107512493232135
3.7214885954381756,-0.6651924151321502
3.7254901960784315,-0.47558377299973187
3.729491796718688,-0.3082741094458429
3.7334933973589437,-0.308400076137477
3.7374949979992,-0.4650614947243442
3.741496598639456,-0.6214594231041022
3.745498199279712,-0.6205784455138538
3.749499799919968,-0.4510705649878069
3.753501400560224,-0.2578107823915832
3.7575030012004804,-0.20731794270976595
3.7615046018407363,-0.3330683424715749
3.7655062024809927,-0.5044097357340651
3.7695078031212486,-0.5479554142907435
3.773509403761505,-0.4086801117490412
3.777511004401761,-0.20105546131947344
3.781512605042017,-0.10271883022519585
3.785514205682273,-0.189459911721734
3.7895158063225294,-0.3648267735325943
3.7935174069627853,-0.4497491433187651
3.797519007603041,-0.34891656704499585
3.8015206082432975,-0.1393418172597351
3.8055222088835534,0.0011681602014939063
3.8095238095238098,-0.0408185570923581
3.8135254101640657,-0.2089959567486593
3.817527010804322,-0.3296483107752004
3.821528611444578,-0.2730552390752057
3.8255302120848342,-0.07402412624606898
3.82953181272509,0.10042785546316024
3.8335334133653465,0.1062179022782754
3.8375350140056024,-0.043964991917225915
3.8415366146458583,-0.19246773984460983
3.8455382152861146,-0.18315631581633932
3.8495398159263705,-0.006487707979627739
3.853541416566627,0.19160494191615507
3.8575430172068828,0.2452685562237954
3.861544617847139,0.12279249140076462
3.865546218487395,-0.04395083814678974
3.8695478191276513,-0.08203816130049879
3.8735494197679072,0.06183522249219925
3.8775510204081636,0.2718148564439527
3.8815526210484195,0.3704998847237212
3.885554221688676,0.28373414541985514
3.8895558223289317,0.10948043852098102
3.8935574229691876,0.026792015813460746
3.897559023609444,0.12944914849399772
3.9015606242497,0.3388167158262287
3.905562224889956,0.4768803841138287
3.909563825530212,0.43160889922760903
3.9135654261704684,0.2610166725473028
3.9175670268107243,0.1392498498906099
3.9215686274509807,0.19478331551401165
3.9255702280912366,0.3910478096533232
3.929571828731493,0.5603876668088631
3.933573429371749,0.5598015763554163
3.937575030012005,0.40377919481993635
3.941576630652261,0.2508249838826802
3.945578231292517,0.2561889924306071
3.9495798319327733,0.4276215036944537
3.953581432573029,0.6181592193092442
3.9575830332132855,0.6626448160785379
3.9615846338535414,0.5311496966838388
3.9655862344937978,0.35676625150390706
3.9695878351340537,0.31194991580254794
3.97358943577431,0.4482924561411312
3.977591036414566,0.6485812514798199
3.9815926370548222,0.7356827458848568
3.985594237695078,0.6370945449903047
3.9895958383353345,0.45229302051666925
3.9935974389755904,0.36030876912245335
3.9975990396158463,0.4533947194636189
4.001600640256102,2.1513135186214147
4.0056022408963585,2.2758734365296673
4.009603841536615,2.2164670159978304
4.013605442176871,2.0328227951833995
4.017607042817127,1.8995111054009006
4.021608643457383,0.4437594959909241
4.025610244097639,0.6272514482291827
4.029611844737896,0.7817204285431049
4.033613445378151,0.7652714898419453
4.0376150460184075,0.5942036200401247
4.041616646658664,0.42786647453986193
4.04561824729892,0.4206199803157936
4.049619847939176,0.5784301618893701
4.053621448579432,0.7533273689724422
4.057623049219688,0.7808753544974448
4.061624649859944,0.6329388789162789
4.0656262505002,0.4438247901022857
4.069627851140456,0.3855108378342949
4.073629451780713,0.5078778718866357
4.077631052420968,0.6923738322306945
4.081632653061225,0.7621568758196956
4.085634253701481,0.64639182602046
4.089635854341737,0.4460642952757388
4.093637454981993,0.34016945504933227
4.097639055622249,0.4194285002358249
4.101640656262505,0.6020144974676243
4.105642256902761,0.7095804712319065
4.109643857543017,0.6329576636068037
4.1136454581832735,0.4335859964939022
4.11764705882353,0.2864452077335775
4.121648659463785,0.31750509789408704
4.125650260104042,0.4867077933717916
4.129651860744298,0.6251945122189781
4.133653461384554,0.5921921933678922
4.13765506202481,0.405808247004719
4.141656662665066,0.22622171240614183
4.1456582633053225,0.20688665724277414
4.149659863945578,0.3519836871101119
4.153661464585834,0.5125507778711483
4.157663065226091,0.5248879717265891
4.161664665866347,0.3626543849701781
4.165666266506602,0.16135546391323777
4.169667867146859,0.09247117905060187
4.173669467787115,0.20416329739385047
4.1776710684273715,0.37654877175300616
4.181672669067627,0.433091404975188
4.185674269707883,0.3046260388393268
4.18967587034814,0.09363254276738933
4.193677470988396,-0.02095261152367539
4.197679071628651,0.05004529597542601
4.201680672268908,0.22321207358970682
4.205682272909164,0.32005720228131723
4.2096838735494195,0.23285495235207032
4.213685474189676,0.024743333443402758
4.217687074829932,-0.12891365125828003
4.221688675470189,-0.1034244872997723
4.225690276110444,0.05940750739376467
4.2296918767507,0.19013990436127637
4.233693477390957,0.14912696251307528
4.237695078031213,-0.04372643944741147
4.2416966786714685,-0.2274375099610378
4.245698279311725,-0.2494832900152426
4.249699879951981,-0.10747903162549656
4.253701480592237,0.04862564125112748
4.257703081232493,0.05587305890753827
4.261704681872749,-0.11029145544394364
4.265706282513006,-0.31318861893175753
4.269707883153261,-0.38186487208763054
4.2737094837935174,-0.2698939085825279
4.277711084433774,-0.09848935070815906
4.28171268507403,-0.043875801858918734
4.285714285714286,-0.17355349564699446
4.289715886354542,-0.38357092920700453
4.293717486994798,-0.4950808429282962
4.297719087635055,-0.42047656748699663
4.30172068827531,-0.24476380115735047
4.305722288915566,-0.14657135372844837
4.309723889555823,-0.23218393312795985
4.313725490196078,-0.43678481835906463
4.3177270908363345,-0.5846565424256983
4.321728691476591,-0.5524116133876817
4.325730292116847,-0.3836077359034969
4.329731892757103,-0.24826704935802152
4.333733493397359,-0.28490707097962226
4.337735094037615,-0.4718406911832753
4.341736694677872,-0.6473108627363819
4.345738295318127,-0.6597543517859099
4.3497398959583835,-0.5085956602321928
4.35374149659864,-0.3447699437187006
4.357743097238895,-0.3304891334606051
4.361744697879152,-0.4885321671776754
4.365746298519408,-0.6810726069376905
4.369747899159664,-0.737713344401448
4.37374949979992,-0.6137808570598068
4.377751100440176,-0.4318195743666545
4.3817527010804325,-0.3677370254285631
4.385754301720689,-0.487373873922444
4.389755902360944,-0.6853295049488087
4.393757503001201,-0.7828757801872809
4.397759103641457,-0.693994561504132
4.401760704281713,-0.5052858628535285
4.405762304921969,-0.3955098995998425
4.409763905562225,-0.4695105532413931
4.413765506202481,-0.6608096443822837
4.417767106842737,-0.7933644523745387
4.421768707482993,-0.7451141540628872
4.42577030812325,-0.5613763196312758
4.429771908763506,-0.4127451945605276
4.433773509403761,-0.436605351271048
4.437775110044018,-0.6094986196429603
4.441776710684274,-0.7689187123022335
4.44577831132453,-0.7642857736304658
4.449779911964786,-0.5968415965669351
4.453781512605042,-0.4184992362564302
4.4577831132452985,-0.3907157556697941
4.461784713885554,-0.5344989618744274
4.46578631452581,-0.7108957425530105
4.469787915166067,-0.7500888363998728
4.473789515806323,-0.6091677986371741
4.4777911164465785,-0.41200085469086833
4.481792717086835,-0.334165653162264
4.485794317727091,-0.4398412113130865
4.4897959183673475,-0.6221926380453419
4.493797519007603,-0.7026327565523947
4.497799119647859,-0.5967440066515592
4.501800720288116,-0.3927148854061125
4.505802320928372,-0.2694214366297266
4.509803921568627,-0.33025818881398494
4.513805522208884,-0.5070938779972796
4.51780712284914,-0.6235795559096386
4.5218087234893956,-0.5589942032324371
4.525810324129652,-0.36041102944018694
4.529811924769908,-0.19897905657561063
4.533813525410165,-0.2109355095677195
4.53781512605042,-0.3710525918912682
4.541816726690676,-0.5160898435629734
4.545818327330933,-0.49646421930629603
4.549819927971189,-0.31523245202938555
4.5538215286114445,-0.1252674808643231
4.557823129251701,-0.08725209769778597
4.561824729891957,-0.22041736309990204
4.565826330532213,-0.3846936387501224
4.569827931172469,-0.41085636969176187
4.573829531812725,-0.2577578060260027
4.577831132452982,-0.05057231634559614
4.581832733093237,0.035475609881485404
4.5858343337334935,-0.062118997167304846
4.58983593437375,-0.23509148286412687
4.593837535014006,-0.30500702520358064
4.597839135654262,-0.18905014084772037
4.601840736294518,0.023018511448591752
4.605842336934774,0.15223290761289504
4.609843937575031,0.09666643170336613
4.613845538215286,-0.073895019891101
4.617847138855542,-0.18280534082800612
4.621848739495799,-0.11068643981969731
4.625850340136054,0.0936469908604773
4.629851940776311,0.2585181578591681
4.633853541416567,0.24886094662360297
4.637855142056823,0.09168048973816227
4.641856742697079,-0.049054562659493095
4.645858343337335,-0.024762320806337973
4.649859943977591,0.15969688035486151
4.653861544617848,0.3505169413737268
4.657863145258103,0.3878170756173578
4.6618647458983595,0.25415660438551413
4.665866346538616,0.09071941075843315
4.669867947178871,0.0661322963562665
4.673869547819128,0.2197883937440799
4.677871148459384,0.4252322484805199
4.68187274909964,0.5076227937716922
4.685874349739896,0.40614810029861215
4.689875950380152,0.23050442380513564
4.6938775510204085,0.1589690750545917
4.697879151660665,0.272760065046435
4.70188075230092,0.4805667087009745
4.705882352941177,0.60336422144694
4.709883953581433,0.5407173752370925
4.713885554221688,0.36407284006106355
4.717887154861945,0.2503692327084802
4.721888755502201,0.3176428666059229
4.7258903561424574,0.5153557199826623
4.729891956782713,0.6713337855265359
4.733893557422969,0.6517088765282139
4.737895158063226,0.485273835475282
4.741896758703482,0.336721958397647
4.745898359343737,0.3536319126838342
4.749899959983994,0.5293531216421243
4.75390156062425,0.7091746443959653
4.757903161264506,0.7340465127652746
4.761904761904762,0.5883327024217508
4.765906362545018,0.41432942267502026
4.7699079631852745,0.3800608673813174
4.77390956382553,0.523173595435228
4.777911164465786,0.7159556988599803
4.781912765106043,0.7839788610797933
4.785914365746299,0.6681417762091791
4.7899159663865545,0.4795724146501535
4.793917567026811,0.39638351750249634
4.797919167667067,0.4981981349804315
4.8019207683073235,0.6921752590856698
4.805922368947579,0.7992596502692528
4.809923969587835,0.7205275443717604
4.813925570228092,0.5290887848189155
4.817927170868347,0.4021659272399697
4.821928771508603,0.4564505818117515
4.82593037214886,0.6396952012232773
4.829931972789116,0.7792543406507727
4.833933573429372,0.7424793039515132
4.837935174069628,0.559955406063224
4.841936774709884,0.39709124977254895
4.845938375350141,0.40045430813702343
4.849939975990396,0.5616110189387994
4.853941576630652,0.7249674532943029
4.857943177270909,0.7323263687975023
4.861944777911165,0.569863406053505
4.8659463785514205,0.3809777401542531
4.869947979191677,0.33307859213237534
4.873949579831933,0.46206636186566746
4.877951180472189,0.6389894158268048
4.881952781112445,0.6898532248774222
4.885954381752701,0.5572760595436481
4.889955982392958,0.353808917365665
4.893957583033213,0.2573840816800873
4.8979591836734695,0.34602328784441755
4.901960784313726,0.525365865205855
4.905962384953982,0.6163450687598812
4.909963985594238,0.5215590111152625
4.913965586234494,0.3157732895155112
4.91796718687475,0.17647601618430656
4.921968787515006,0.21900140651405275
4.925970388155262,0.3893963527052623
4.9299719887955185,0.5145596857748548
4.933973589435775,0.4630734405835424
4.93797519007603,0.2673097095576302
4.941976790716287,0.09337264825621394
4.945978391356543,0.08680026798544321
4.949979991996799,0.23737301568881167
4.953981592637055,0.388625442349459
4.957983193277311,0.3832243557632095
4.961984793917567,0.20915338156819147
4.965986394557824,0.010894682058318783
4.969987995198079,-0.04478029211788598
4.9739895958383356,0.0762728195487179
4.977991196478592,0.24386907400609711
4.981992797118847,0.2844583309641531
4.985994397759104,0.14237688099960133
4.98999599839936,-0.06842035051310896
4.993997599039616,-0.1702075971712881
4.997999199679872,-0.08658073048954477
5.002000800320128,1.5865807304895096
5.0060024009603845,1.670207597171286
5.010004001600641,1.568420350513104
5.014005602240896,1.3576231190003976
5.018007202881153,1.2155416690358483
5.022008803521409,-0.24386907400606392
5.0260104041616644,-0.07627281954871298
5.030012004801921,0.04478029211788878
5.034013605442177,-0.010894682058323002
5.0380152060824335,-0.2091533815681968
5.042016806722689,-0.3832243557631898
5.046018407362945,-0.38862544234948004
5.050020008003202,-0.2373730156888107
5.054021608643458,-0.08680026798544363
5.058023209283713,-0.09337264825621355
5.06202480992397,-0.2673097095576317
5.066026410564226,-0.46307344058357514
5.070028011204482,-0.5145596857748415
5.074029611844738,-0.3893963527052577
5.078031212484994,-0.21900140651408184
5.082032813125251,-0.17647601618430905
5.086034413765506,-0.31577328951547023
5.090036014405762,-0.521559011115227
5.094037615046019,-0.6163450687598826
5.098039215686275,-0.5253658652058537
5.1020408163265305,-0.34602328784441355
5.106042416966787,-0.25738408168008586
5.110044017607043,-0.35380891736570613
5.1140456182472995,-0.5572760595436945
5.118047218887555,-0.6898532248774216
5.122048819527811,-0.6389894158268351
5.126050420168068,-0.46206636186566563
5.130052020808323,-0.333078592132387
5.1340536214485795,-0.3809777401542249
5.138055222088836,-0.5698634060535092
5.142056822729092,-0.7323263687975046
5.146058423369348,-0.7249674532943005
5.150060024009604,-0.5616110189387955
5.15406162464986,-0.40045430813699867
5.158063225290117,-0.39709124977257104
5.162064825930372,-0.5599554060632266
5.166066426570628,-0.7424793039515148
5.170068027210885,-0.779254340650772
5.17406962785114,-0.6396952012233182
5.178071228491397,-0.45645058181178166
5.182072829131653,-0.4021659272399609
5.186074429771909,-0.5290887848189186
5.190076030412165,-0.7205275443717629
5.194077631052421,-0.7992596502692526
5.198079231692677,-0.6921752590856267
5.202080832332934,-0.4981981349803893
5.206082432973189,-0.39638351750249634
5.2100840336134455,-0.4795724146501563
5.214085634253702,-0.6681417762091817
5.218087234893958,-0.7839788610797934
5.222088835534214,-0.7159556988600123
5.22609043617447,-0.5231735954352692
5.230092036814726,-0.38006086738131584
5.234093637454982,-0.41432942267502293
5.238095238095238,-0.5883327024217546
5.2420968387354945,-0.7340465127652933
5.246098439375751,-0.7091746443959372
5.250100040016006,-0.529353121642122
5.254101640656263,-0.35363191268383365
5.258103241296519,-0.3367219583976473
5.262104841936775,-0.485273835475284
5.266106442577031,-0.6517088765281889
5.270108043217287,-0.6713337855265511
5.274109643857543,-0.5153557199826577
5.278111244497799,-0.3176428666059218
5.282112845138055,-0.2503692327084821
5.286114445778312,-0.3640728400610678
5.290116046418568,-0.5407173752371293
5.294117647058823,-0.6033642214469411
5.29811924769908,-0.4805667087009731
5.302120848339336,-0.27276006504643047
5.306122448979592,-0.15896907505458968
5.310124049619848,-0.23050442380510222
5.314125650260104,-0.40614810029857484
5.3181272509003605,-0.5076227937716907
5.322128851540617,-0.42523224848048125
5.326130452180872,-0.2197883937440786
5.330132052821129,-0.06613229635626733
5.334133653461385,-0.09071941075846321
5.3381352541016405,-0.2541566043855189
5.342136854741897,-0.3878170756173608
5.346138455382153,-0.35051694137372275
5.3501400560224095,-0.1596968803548561
5.354141656662665,0.02476232080631477
5.358143257302921,0.04905456265951064
5.362144857943178,-0.0916804897381631
5.366146458583434,-0.24886094662363023
5.370148059223689,-0.25851815785916893
5.374149659863946,-0.09364699086047615
5.378151260504202,0.11068643981973379
5.382152861144458,0.18280534082800348
5.386154461784714,0.07389501989109612
5.39015606242497,-0.09666643170336202
5.394157663065227,-0.1522329076128924
5.398159263705482,-0.023018511448631526
5.402160864345738,0.18905014084768224
5.406162464985995,0.305007025203583
5.410164065626251,0.23509148286412657
5.4141656662665065,0.06211899716730014
5.418167266906763,-0.03547560988148768
5.422168867547019,0.05057231634563522
5.4261704681872756,0.2577578060260514
5.430172068827531,0.4108563696917609
5.434173669467787,0.38469363875014906
5.438175270108044,0.2204173630999011
5.442176870748299,0.0872520976978006
5.4461784713885555,0.12526748086429723
5.450180072028812,0.3152324520293908
5.454181672669068,0.49646421930629964
5.458183273309324,0.5160898435629704
5.46218487394958,0.3710525918912636
5.466186474589836,0.2109355095676922
5.470188075230093,0.19897905657562964
5.474189675870348,0.36041102944018866
5.4781912765106044,0.5589942032324065
5.482192877150861,0.6235795559096395
5.486194477791116,0.5070938779973183
5.490196078431373,0.3302581888140168
5.494197679071629,0.2694214366297284
5.498199279711885,0.39271488540611676
5.502200880352141,0.5967440066515608
5.506202480992397,0.7026327565523937
5.510204081632653,0.6221926380453023
5.51420568227291,0.43984121131304343
5.518207282913165,0.33416565316226254
5.5222088835534215,0.41200085469083514
5.526210484193678,0.609167798637178
5.530212084833934,0.7500888363998743
5.53421368547419,0.7108957425530384
5.538215286114446,0.5344989618744684
5.542216886754702,0.39071575566979355
5.546218487394958,0.4184992362564316
5.550220088035214,0.5968415965669379
5.5542216886754705,0.76428577363049
5.558223289315727,0.7689187123022108
5.562224889955982,0.6094986196429568
5.566226490596239,0.43660535127107286
5.570228091236495,0.4127451945605288
5.574229691876751,0.561376319631279
5.578231292517007,0.7451141540628581
5.582232893157263,0.793364452374549
5.5862344937975195,0.6608096443822805
5.590236094437775,0.469510553241391
5.594237695078031,0.39550989959984306
5.598239295718288,0.5052858628535719
5.602240896358544,0.6939945615041725
5.606242496998799,0.7828757801872813
5.610244097639056,0.685329504948845
5.614245698279312,0.4873738739224405
5.618247298919568,0.367737025428562
5.622248899559824,0.4318195743666226
5.62625050020008,0.6137808570597674
5.630252100840337,0.7377133444014478
5.634253701480592,0.6810726069376891
5.638255302120848,0.48853216717767317
5.642256902761105,0.33048913346060493
5.646258503401361,0.34476994371872804
5.6502601040416165,0.508595660232197
5.654261704681873,0.6597543517858907
5.658263305322129,0.647310862736379
5.6622649059623855,0.47184069118327066
5.666266506602641,0.28490707097964835
5.670268107242897,0.24826704935800709
5.674269707883154,0.3836077359034983
5.67827130852341,0.5524116133877132
5.6822729091636655,0.5846565424256989
5.686274509803922,0.4367848183590632
5.690276110444178,0.2321839331279207
5.694277711084434,0.14657135372845037
5.69827931172469,0.2447638011573549
5.702280912364946,0.42047656748699724
5.706282513005203,0.49508084292829413
5.710284113645458,0.38357092920704217
5.714285714285714,0.17355349564703432
5.718287314925971,0.04387580185891621
5.722288915566227,0.09848935070819462
5.7262905162064826,0.2698939085825326
5.730292116846739,0.3818648720876331
5.734293717486995,0.31318861893172156
5.738295318127251,0.1102914554439424
5.742296918767507,-0.05587305890753752
5.746298519407763,-0.04862564125115092
5.75030012004802,0.10747903162549739
5.754301720688275,0.24948329001522457
5.7583033213285315,0.22743750996106057
5.762304921968788,0.04372643944740598
5.766306522609044,-0.14912696251310567
5.7703081232493,-0.19013990436127326
5.774309723889556,-0.05940750739375966
5.778311324529812,0.10342448729980266
5.782312925170069,0.12891365125826484
5.786314525810324,-0.024743333443403875
5.7903161264505805,-0.23285495235203624
5.794317727090837,-0.32005720228131906
5.798319327731092,-0.22321207358974357
5.802320928371349,-0.05004529597545951
5.806322529011605,0.02095261152367306
5.810324129651861,-0.09363254276743307
5.814325730292117,-0.30462603883932793
5.818327330932373,-0.4330914049751866
5.822328931572629,-0.37654877175297025
5.826330532212886,-0.20416329739380668
5.830332132853141,-0.09247117905059948
5.834333733493398,-0.16135546391320651
5.838335334133654,-0.36265438497018304
5.842336934773909,-0.5248879717265729
5.846338535414166,-0.5125507778711724
5.850340136054422,-0.35198368711015254
5.854341736694678,-0.20688665724275349
5.858343337334934,-0.22622171240614194
5.86234493797519,-0.40580824700472073
5.8663465386154465,-0.5921921933679215
5.870348139255703,-0.6251945122189608
5.874349739895958,-0.4867077933717872
5.878351340536215,-0.31750509789411396
5.882352941176471,-0.2864452077335798
5.886354541816727,-0.4335859964939066
5.890356142456983,-0.6329576636067709
5.894357743097239,-0.709580471231912
5.8983593437374955,-0.6020144974676226
5.902360944377751,-0.4194285002358214
5.906362545018007,-0.34016945504933155
5.910364145658264,-0.44606429527578323
5.91436574629852,-0.6463918260205043
5.918367346938775,-0.7621568758196953
5.922368947579032,-0.6923738322307272
5.926370548219288,-0.5078778718866336
5.9303721488595444,-0.38551083783429474
5.9343737494998,-0.44382479010227144
5.938375350140056,-0.6329388789162596
5.942376950780313,-0.780875354497454
5.946378551420568,-0.753327368972454
5.950380152060824,-0.5784301618893893
5.954381752701081,-0.4206199803157716
5.958383353341337,-0.4278664745398868
5.9623849539815925,-0.5942036200401278
5.966386554621849,-0.7652714898419217
5.970388155262105,-0.7817204285431035
5.9743897559023615,-0.6272514482291793
5.978391356542617,-0.4437594959909372
5.982392957182873,-0.39951110540089535
5.98639455782313,-0.5328227951834237
5.990396158463386,-0.716467015997849
5.9943977591036415,-0.7758734365296709
5.998399359743898,-0.6513135186214126
6.002400960384154,1.0466052805364017
6.00640256102441,1.1396912308775458
6.010404161664666,1.0477069794833487
6.014405762304922,0.8629054550097119
6.018407362945179,0.764317254115144
6.022408963585434,-0.6485812514798366
6.02641056422569,-0.44829245614112717
6.030412164865947,-0.31194991580254605
6.034413765506203,-0.3567662515039242
6.038415366146459,-0.5311496966838208
6.042416966786715,-0.6626448160785475
6.046418567426971,-0.6181592193092266
6.050420168067227,-0.42762150369445173
6.054421768707483,-0.2561889924306272
6.058423369347739,-0.2508249838826684
6.062424969987996,-0.40377919481993785
6.066426570628251,-0.5598015763554068
6.0704281712685075,-0.5603876668088632
6.074429771908764,-0.39104780965331826
6.07843137254902,-0.19478331551399294
6.082432973189276,-0.13924984989060754
6.086434573829532,-0.2610166725473057
6.090436174469788,-0.431608899227628
6.094437775110045,-0.4768803841138164
6.0984393757503,-0.3388167158262695
6.1024409763905565,-0.12944914849401545
6.106442577030813,-0.026792015813459608
6.110444177671068,-0.10948043852096775
6.114445778311325,-0.28373414541985564
6.118447378951581,-0.3704998847237212
6.122448979591837,-0.27181485644392767
6.126450580232093,-0.06183522249221941
6.130452180872349,0.08203816130049756
6.1344537815126055,0.043950838146771296
6.138455382152862,-0.12279249140080953
6.142456982793117,-0.2452685562237817
6.146458583433374,-0.19160494191616717
6.15046018407363,0.006487707979606364
6.154461784713885,0.18315631581632888
6.158463385354142,0.19246773984461613
6.162464985994398,0.043964991917225124
6.166466586634654,-0.10621790227828713
6.17046818727491,-0.10042785546317247
6.174469787915166,0.07402412624607231
6.1784713885554225,0.27305523907522045
6.182472989195679,0.3296483107751901
6.186474589835934,0.20899595674869842
6.190476190476191,0.040818557092374724
6.194477791116447,-0.001168160201497237
6.1984793917567025,0.13934181725971317
6.202480992396959,0.3489165670449782
6.206482593037215,0.44974914331876514
6.2104841936774715,0.36482677353257575
6.214485794317727,0.18945991172174953
6.218487394957983,0.10271883022519399
6.22248899559824,0.20105546131949456
6.226490596238496,0.40868011174908664
6.230492196878751,0.5479554142907442
6.234493797519008,0.5044097357340794
6.238495398159264,0.33306834247159567
6.2424969987995205,0.20731794270975967
6.246498599439776,0.2578107823915678
6.250500200080032,0.4510705649878102
6.254501800720289,0.6205784455138552
6.258503401360544,0.6214594231041128
6.2625050020008,0.4650614947243412
6.266506602641057,0.308400076137462
6.270508203281313,0.3082741094458651
6.2745098039215685,0.47558377299973276
6.278511404561825,0.665192415132139
6.282513005202081,0.7107512493232198
6.286514605842338,0.5792311999320675
6.290516206482593,0.4015978354068992
6.294517807122849,0.3511315946860952
6.298519407763106,0.48243696792396634
6.302521008403361,0.6807052684101926
6.3065226090436175,0.7683671992774631
6.310524209683874,0.6700522352370406
6.31452581032413,0.4826033024717107
6.318527410964386,0.3851013184031968
6.322529011604642,0.4724891230945408
6.326530612244898,0.6673624710245366
6.330532212885155,0.7918765341678315
6.33453381352541,0.7329649229051972
6.3385354141656665,0.5473784924818543
6.342537014805923,0.40896017497758097
6.346538615446179,0.4471388814139584
6.350540216086435,0.6266858102184871
6.354541816726691,0.7804426567996733
6.358543417366947,0.7646163728581571
6.362545018007203,0.5923676343424998
6.366546618647459,0.421585881344816
6.370548219287715,0.40820823172889137
6.374549819927972,0.5613527822005684
6.378551420568227,0.7348511970811592
6.382553021208484,0.7630470246420642
6.38655462184874,0.6146995947398763
6.390556222488996,0.4220127983672092
6.394557823129252,0.35782025771360804
6.398559423769508,0.47502502808710834
6.402561024409764,0.6574584867912566
6.40656262505002,0.727811762196158
6.410564225690276,0.6123686105910554
6.4145658263305325,0.4094986363400367
6.418567426970789,0.2982788759727758
6.422569027611044,0.3721366435972151
6.426570628251301,0.5520637184142099
6.430572228891557,0.6600281234096075
6.434573829531813,0.5843820456675726
6.438575430172069,0.3835976575418465
6.442577030812325,0.23195756969259448
6.4465786314525815,0.2576548737712376
6.450580232092838,0.42371200093314837
6.454581832733093,0.562347836495961
6.45858343337335,0.5308651390066177
6.462585034013606,0.3442348113978783
6.466586634653861,0.16120279750316532
6.470588235294118,0.13682663945539525
6.474589835934374,0.2784390245465977
6.47859143657463,0.43885188804433195
6.482593037214886,0.4531146184255008
6.486594637855142,0.2917744438082978
6.490596238495399,0.08825612565077912
6.494597839135655,0.014924498911536604
6.49859943977591,0.12297093980163216
6.502601040416167,0.2948733472142146
6.506602641056423,0.35359552311000997
6.5106042416966785,0.22707688868682363
6.514605842336935,0.015197323552995204
6.518607442977191,-0.10299495651391159
6.5226090436174475,-0.03560480669021593
6.526610644257703,0.13675601576672847
6.530612244897959,0.2358784886713189
6.534613845538216,0.1515364229179271
6.538615446178472,-0.05609118516521874
6.5426170468187275,-0.21230857741923337
6.546618647458984,-0.19018066574382328
6.55062024809924,-0.028439569249921817
6.5546218487394965,0.1045179395998002
6.558623449379752,0.067094757099957
6.562625050020008,-0.1239398767566107
6.566626650660265,-0.30901020884682084
6.57062825130052,-0.3339648452228842
6.574629851940776,-0.19326837829375407
6.578631452581033,-0.03512507070749757
6.582633053221289,-0.02377458146792258
6.586634653861545,-0.18689057983517016
6.590636254501801,-0.3898528942146817
6.594637855142057,-0.4607950534855242
6.598639455782314,-0.3502548457956973
6.602641056422569,-0.1771084230075366
6.606642657062825,-0.11811400063643429
6.610644257703082,-0.24368192618678802
6.614645858343337,-0.45244498051506377
6.6186474589835935,-0.5654148092766482
6.62264905962385,-0.49225074622603204
6.626650660264106,-0.3151730159868729
6.630652260904362,-0.21256280118161308
6.634653861544618,-0.29322670025590447
6.638655462184874,-0.4952981893490587
6.642657062825131,-0.6436992556026861
6.646658663465386,-0.6127788759795758
6.6506602641056425,-0.4430330103249347
6.654661864745899,-0.30347023566631054
6.658663465386155,-0.33458633253594516
6.662665066026411,-0.5178284994973003
6.666666666666667,-0.6928203230275596
6.670668267306923,-0.7063450728495658
6.674669867947179,-0.5546780062601856
6.678671468587435,-0.3870373067767051
6.682673069227691,-0.3669476560942777
6.686674669867948,-0.520313269708848
6.690676270508203,-0.7113444773336823
6.69467787114846,-0.7687026846750713
6.698679471788716,-0.6446717979934203
6.702681072428972,-0.459481755661149
6.706682673069228,-0.389606467944304
6.710684273709484,-0.5038102685020387
6.71468587434974,-0.6992599620474509
6.718687474989996,-0.7970560296970877
6.722689075630252,-0.7084320396104401
6.7266906762705085,-0.5172187226752751
6.730692276910765,-0.401961460313742
6.73469387755102,-0.47004605065883764
6.738695478191277,-0.6579341997753494
6.742697078831533,-0.7901925425808016
6.746698679471789,-0.7424757087363482
6.750700280112045,-0.5570479565115636
6.754701880752301,-0.4035207926266774
6.7587034813925575,-0.42128234052952185
6.762705082032813,-0.5900056389908801
6.766706682673069,-0.7485370010464281
6.770708283313326,-0.744616655815501
6.774709883953582,-0.576337326541056
6.778711484593837,-0.39392206809383906
6.782713085234094,-0.36016970066712184
6.78671468587435,-0.4992176277031818
6.7907162865146065,-0.6741252771177525
6.794717887154862,-0.7141037194214128
6.798719487795118,-0.5731918539236535
6.802721088435375,-0.37296487998313027
6.806722689075631,-0.289597770831159
6.810724289715886,-0.3902046878460791
6.814725890356143,-0.5704992334580238
6.818727490996399,-0.6516907653820841
6.8227290916366545,-0.5465975823118159
6.826730692276911,-0.34065353008689986
6.830732292917167,-0.2125507864241308
6.834733893557424,-0.26824371206042597
6.838735494197679,-0.44252846174557603
6.842737094837935,-0.559633422519306
6.846738695478192,-0.4965303824683061
6.850740296118448,-0.2972461221266786
6.8547418967587035,-0.13197599265023255
6.85874349739896,-0.1389840055583904
6.862745098039216,-0.2961683153283954
6.866746698679472,-0.4416110599070563
6.870748299319728,-0.4240212089727143
6.874749899959984,-0.24330511175403105
6.878751500600241,-0.050671057880416315
6.882753101240496,-0.008170692778726174
6.8867547018807524,-0.13816691993435215
6.890756302521009,-0.302576475847041
6.894757903161265,-0.33117134190943304
6.898759503801521,-0.17974364942316962
6.902761104441777,0.028805222350932927
6.906762705082033,0.11862420813773752
6.91076430572229,0.024263618542057434
6.914765906362545,-0.14853963146482518
6.918767507002801,-0.22111365350453097
6.922769107643058,-0.10786175382073754
6.926770708283313,0.10419661434334411
6.9307723089235695,0.23624973304852587
6.934773909563826,0.18379488409389072
6.938775510204082,0.01370465340594354
6.942777110844338,-0.09791880663867585
6.946778711484594,-0.029366541519513664
6.95078031212485,0.17358720746432574
6.954781912765107,0.3401913199062351
6.958783513405362,0.33333098249917936
6.9627851140456185,0.17689202010129648
6.966786714685875,0.03355164005882344
6.97078831532613,0.053628581677393594
6.974789915966387,0.23541480404954263
6.978791516606643,0.42674419967505134
6.982793117246899,0.4663409777568297
6.986794717887155,0.33363143893863567
6.990796318527411,0.16784015382082837
6.9947979191676675,0.1386297209041913
6.998799519807924,0.2884631267432409
7.002801120448179,1.9931381633474
7.006802721088436,2.0771584654474435
7.010804321728692,1.9767585125543645
7.014805922368948,1.7991281767578973
7.018807523009204,1.7228156986519148
7.02280912364946,0.331837313956144
7.026810724289716,0.5376099859745967
7.030812324929972,0.661233765892674
7.034813925570228,0.5996813583849683
7.038815526210485,0.42150050952179097
7.042817126850741,0.3031192413267007
7.046818727490996,0.36492802747371667
7.050820328131253,0.5594228132448302
7.054821928771509,0.71532691393032
7.058823529411765,0.6967014202690691
7.062825130052021,0.5292264472206438
7.066826730692277,0.37633469587838714
7.0708283313325335,0.38736987523226435
7.074829931972789,0.5588347390502855
7.078831532613045,0.7376329021485402
7.082833133253302,0.7632927127470968
7.086834733893558,0.6170435387357359
7.0908363345338135,0.4392487555964206
7.09483793517407,0.3989997459138928
7.098839535814326,0.5370214567856231
7.1028411364545825,0.727834312515147
7.106842737094838,0.7963250463766173
7.110844337735094,0.6804291423336646
7.114845938375351,0.48878870079964243
7.118847539015607,0.39982008436538397
7.122849139655862,0.49596010752034925
7.126850740296119,0.6870803398591816
7.130852340936375,0.7942196120799704
7.1348539415766306,0.7158450640310324
7.138855542216887,0.5221809271590349
7.142857142857143,0.3899711648727278
7.1468587434974,0.4382831592218566
7.150860344137655,0.6178950544447677
7.154861944777911,0.7570287666570246
7.158863545418168,0.720941508026778
7.162865146058424,0.5371111736527683
7.1668667466986795,0.36971512853086175
7.170868347338936,0.3671122535040667
7.174869947979192,0.5240213595678417
7.178871548619448,0.6864357736519866
7.182873149259704,0.6947083100208233
7.18687474989996,0.531876985399728
7.190876350540217,0.33943304911372285
7.194877951180472,0.2858824105651113
7.1988795518207285,0.4102102801450884
7.202881152460985,0.5856744017581996
7.206882753101241,0.6375638864199672
7.210884353741497,0.5055226374785601
7.214885954381753,0.2996347013287308
7.218887555022009,0.19816679097005924
7.222889155662265,0.28196780366997054
7.226890756302521,0.45937244133157784
7.230892356942777,0.5513753937163846
7.234893957583034,0.45794705358126087
7.238895558223289,0.25097915435340085
7.242897158863546,0.10751141672852993
7.246898759503802,0.14527335639944056
7.250900360144058,0.31332714200643447
7.254901960784314,0.43940709382631604
7.25890356142457,0.38997618864576333
7.262905162064826,0.19430292715168823
7.266906762705083,0.017287931984844213
7.270908363345338,0.006285049402598691
7.2749099639855945,0.15422408649968938
7.278911564625851,0.30619767539524967
7.282913165266106,0.30339287776827073
7.286914765906363,0.13065133327201991
7.290916366546619,-0.06942925576417994
7.294917967186875,-0.12895296696753517
7.298919567827131,-0.010686092790959847
7.302921168467387,0.1573710823255056
7.3069227691076435,0.20091921541667973
7.3109243697479,0.06130790463003907
7.314925970388155,-0.14995713841558778
7.318927571028412,-0.2547863346598611
7.322929171668668,-0.1739366322693816
7.326930772308923,-0.0006109630845008707
7.33093237294918,0.08614901362532422
7.334933973589436,-0.012183517563364665
7.3389355742296924,-0.22206742499321852
7.342937174869948,-0.36619621174413486
7.346938775510204,-0.32820144093488574
7.350940376150461,-0.1607432903870038
7.354941976790717,-0.03656934077047691
7.358943577430972,-0.08800926638528525
7.362945178071229,-0.28401902425200576
7.366946778711485,-0.4590036835943866
7.370948379351741,-0.46664176210666247
7.374949979991997,-0.3158043081211405
7.378951580632253,-0.16229641081862953
7.3829531812725095,-0.16409350692964997
7.386954781912765,-0.33456171029006326
7.390956382553021,-0.5300242850773984
7.394957983193278,-0.5832253472481089
7.398959583833534,-0.45869958663955007
7.4029611844737895,-0.28570554303775864
7.406962785114046,-0.23812658842723405
7.410964385754302,-0.37291471902924217
7.4149659863945585,-0.5771670602916836
7.418967587034814,-0.6730023925857104
7.42296918767507,-0.5828047116685271
7.426970788315327,-0.40131830365458765
7.430972388955582,-0.3076161615783286
7.434973989595838,-0.398725369790608
7.438975590236095,-0.5994757813695375
7.442977190876351,-0.7323249060752732
7.446978791516607,-0.682289896061153
7.450980392156863,-0.5037605667453003
7.454981992797119,-0.36996140846068715
7.458983593437376,-0.412013693835778
7.462985194077631,-0.597113146533001
7.466986794717887,-0.7589992699888339
7.470988395358144,-0.7524095502679312
7.4749899959984,-0.588026597500537
7.4789915966386555,-0.42254885339826864
7.482993197278912,-0.4131094391183817
7.486994797919168,-0.5712917968636286
7.490996398559424,-0.7523653669695258
7.49499799919968,-0.7897416375822599
7.498999599839936,-0.6497374280259505
7.503001200480193,-0.46286632190973975
7.507002801120448,-0.4025877019452899
7.5110044017607045,-0.5241586640080328
7.515006002400961,-0.7132995425140609
7.519007603041217,-0.7923640985052955
7.523009203681473,-0.6853795231613671
7.527010804321729,-0.488629830390137
7.531012404961985,-0.38120884163468405
7.535014005602241,-0.4586413457423412
7.539015606242497,-0.6441426676134006
7.5430172068827535,-0.7599587925153668
7.54701880752301,-0.6925102232352576
7.551020408163265,-0.4979166570275911
7.555022008803522,-0.3498673262855326
7.559023609443778,-0.3782667948327988
7.563025210084034,-0.5485584227116083
7.56702681072429,-0.6938371075035108
7.571028411364546,-0.6699177271053662
7.575030012004802,-0.4892966872493962
7.579031612645059,-0.30955282708044746
7.583033213285314,-0.2869635298676463
7.5870348139255706,-0.43133043956672357
7.591036414565827,-0.5968854283298336
7.595038015206082,-0.6177253931659525
7.599039615846339,-0.46195344580529585
7.603041216486595,-0.26132533707197114
7.607042817126851,-0.18885880782713946
7.611044417767107,-0.2981099244593365
7.615046018407363,-0.4734328174402729
7.6190476190476195,-0.537432794274408
7.623049219687876,-0.4157860946201611
7.627050820328131,-0.20630446331349905
7.631052420968388,-0.08808175293104026
7.635054021608644,-0.15512769035210383
7.6390556222488994,-0.32904731559459793
7.643057222889156,-0.431889130570072
7.647058823529412,-0.35148412844158444
7.6510604241696685,-0.14567145802110626
7.655062024809924,0.01141762881561631
7.65906362545018,-0.0088860337185179
7.663065226090437,-0.17027099789235595
7.667066826730693,-0.305198114665725
7.671068427370948,-0.2705675387751787
7.675070028011205,-0.08068113997921447
7.679071628651461,0.10602521256535763
7.6830732292917165,0.1341534628391788
7.687074829931973,-0.004307115501932166
7.691076430572229,-0.16255710555590164
7.695078031212486,-0.17538680133487955
7.699079631852741,-0.012679722939454033
7.703081232492997,0.19258895665263887
7.707082833133254,0.2678703552785627
7.71108443377351,0.16132485792845536
7.7150860344137655,-0.010036876645394113
7.719087635054022,-0.06907909640404292
7.723089235694278,0.05687619664013058
7.7270908363345345,0.2685104669481194
7.73109243697479,0.3867592239848896
7.735094037615046,0.31914880983767674
7.739095638255303,0.14568824588849233
7.743097238895558,0.0445204153252961
7.7470988395358145,0.12640457204778455
7.751100440176071,0.33180021779718055
7.755102040816327,0.48616410180969927
7.759103641456583,0.46208802156390416
7.763105242096839,0.29764724034322737
7.767106842737095,0.16101080452323238
7.771108443377352,0.19419170741429126
7.775110044017607,0.38109704896792074
7.779111644657863,0.5624630167675513
7.78311324529812,0.5837997221949967
7.787114845938375,0.4389013358477579
7.791116446578632,0.27559691734392
7.795118047218888,0.2583992856945884
7.799119647859144,0.4156546907792977
7.8031212484994,0.6131952019086913
7.807122849139656,0.6789714388387753
7.811124449779912,0.5628786340564687
7.815126050420169,0.3832935012908013
7.819127651060424,0.3170879705034675
7.8231292517006805,0.4352998811074793
7.827130852340937,0.6371268133977986
7.831132452981193,0.7435645037709127
7.835134053621449,0.6636973487982146
7.839135654261705,0.4791528363996736
7.843137254901961,0.3682595662665137
7.847138855542217,0.44036802507092776
7.851140456182473,0.634254401532912
7.8551420568227295,0.7749929273044761
7.859143657462986,0.7364608772821586
7.863145258103241,0.5585048945548899
7.867146858743498,0.40991810447534316
7.871148459383754,0.43162323933414837
7.87515006002401,0.6057487033552619
7.879151660664266,0.7722292970199697
7.883153261304522,0.7775091018538368
7.887154861944778,0.6171977085479893
7.891156462585034,0.44014847076103436
7.89515806322529,0.4101699821168182
7.899159663865547,0.553844384409303
7.903161264505803,0.7358332268380768
7.907162865146058,0.7846123691329797
7.911164465786315,0.6518249553082558
7.915166066426571,0.457209428571162
7.919167667066827,0.37736329814729996
7.923169267707083,0.481683986321915
7.927170868347339,0.6679019395574846
7.9311724689875955,0.7570974023613055
7.935174069627852,0.6599278117980414
7.939175670268107,0.4596362648523713
7.943177270908364,0.334724042017166
7.94717887154862,0.3931264010566461
7.9511804721888755,0.5719466010228564
7.955182072829132,0.6958978275526511
7.959183673469388,0.6401589521732165
7.9631852741096445,0.4463469102790692
7.9671868747499,0.28386435351639
7.971188475390156,0.292531593807583
7.975190076030413,0.45270181367348283
7.979191676670669,0.6035258530336644
7.983193277310924,0.5923981007691834
7.987194877951181,0.41674438575238437
7.991196478591437,0.22642724175147588
7.995198079231693,0.184533978281068
7.999199679871949,0.31587901844591465
8.003201280512204,1.9839657275184124
8.00720288115246,2.0178107721874126
8.011204481792717,1.870807889959637
8.015206082432973,1.66404250859114
8.01920768307323,1.5738167985272722
8.023209283713486,0.16787727076116982
8.027210884353742,0.34249369184033757
8.031212484993999,0.4188446100863322
8.035214085634253,0.30916483210468815
8.03921568627451,0.0982995354904784
8.043217286914766,-0.03510087768773501
8.047218887555022,0.01546680956401214
8.051220488195279,0.1854330098106577
8.055222088835535,0.29916093650784875
8.059223689475791,0.2331366573978801
8.063225290116046,0.03073580301803845
8.067226890756302,-0.13805432522632288
8.071228491396559,-0.13453806645547284
8.075230092036815,0.01985610114436393
8.079231692677071,0.1635025712112596
8.083233293317328,0.14475240122401306
8.087234893957584,-0.03716146497366307
8.09123649459784,-0.23139215442176192
8.095238095238095,-0.27560010943456503
8.099239695878351,-0.1467513862645009
8.103241296518608,0.017502483958871662
8.107242897158864,0.046725494213847474
8.11124449779912,-0.10394433009766568
8.115246098439377,-0.3120980764728376
8.119247699079633,-0.40175821897690245
8.123249299719888,-0.30684769258449496
8.127250900360144,-0.1325587976631351
8.1312525010004,-0.05760865760710557
8.135254101640657,-0.16818845239706276
8.139255702280913,-0.3778718962569521
8.14325730292117,-0.5078900703083313
8.147258903561426,-0.45319523681517226
8.15126050420168,-0.2800360825672206
8.155262104841936,-0.16439448913587557
8.159263705482193,-0.22847767744532424
8.16326530612245,-0.42716876292494615
8.167266906762706,-0.5899261039029056
8.171268507402962,-0.5792058833093005
8.175270108043218,-0.4182292712782311
8.179271708683475,-0.2693951915818882
8.183273309323729,-0.28339380433727523
8.187274909963985,-0.4591981896903837
8.191276510604242,-0.6450055871414557
8.195278111244498,-0.6792537685472175
8.199279711884754,-0.5407047067728682
8.20328131252501,-0.36816394968405797
8.207282913165267,-0.33151590401235537
8.211284513805522,-0.473886591415181
8.215286114445778,-0.6715687622215692
8.219287715086034,-0.7489399811780489
8.22328931572629,-0.6416118264336451
8.227290916366547,-0.4562403930006609
8.231292517006803,-0.3714326073814409
8.23529411764706,-0.4718089533282361
8.239295718287316,-0.6693826278471113
8.24329731892757,-0.7852959279497221
8.247298919567827,-0.7159786606590904
8.251300520208083,-0.5293631289711951
8.25530212084834,-0.40176949250411476
8.259303721488596,-0.4540966362727117
8.263305322128852,-0.6395014629683704
8.267306922769109,-0.7869154487253653
8.271308523409363,-0.7599704606074982
8.27531012404962,-0.5836876496825499
8.279311724689876,-0.4212321679217633
8.283313325330132,-0.42232917704122186
8.287314925970389,-0.5841665898660412
8.291316526610645,-0.7540094872320454
8.295318127250901,-0.7710973475800519
8.299319727891156,-0.6159978968304594
8.303321328531412,-0.42866399270180755
8.307322929171669,-0.37841822770505934
8.311324529811925,-0.5066529065496139
8.315326130452181,-0.6883811746295414
8.319327731092438,-0.7483592858372116
8.323329331732694,-0.6238994182645132
8.32733093237295,-0.4231157213039402
8.331332533013205,-0.32449150468801036
8.335334133653461,-0.4110722351775451
8.339335734293718,-0.5933233184752854
8.343337334933974,-0.6923197687776435
8.34733893557423,-0.6059824048375868
8.351340536214487,-0.40392284366541165
8.355342136854743,-0.2627838325435059
8.359343737494997,-0.3021454081563226
8.363345338135254,-0.4734442848196742
8.36734693877551,-0.6051032147720325
8.371348539415767,-0.5619439660118548
8.375350140056023,-0.370785131468802
8.37935174069628,-0.19554114751653573
8.383353341336536,-0.18495616135240472
8.387354941976792,-0.334431899936302
8.391356542617046,-0.4903150014263187
8.395358143257303,-0.49266075104985396
8.39935974389756,-0.32384200814178105
8.403361344537815,-0.12494177719353641
8.407362945178072,-0.06470028356743637
8.411364545818328,-0.18276808599004382
8.415366146458584,-0.3528871127869353
8.419367747098839,-0.40020537114361576
8.423369347739095,-0.2637369168344715
8.427370948379352,-0.053037559087173405
8.431372549019608,0.053556911877647134
8.435374149659864,-0.02540931953705057
8.43937575030012,-0.19885631132054682
8.443377350940377,-0.28780290906797273
8.447378951580633,-0.19166392163436022
8.451380552220888,0.018284462655831182
8.455382152861144,0.16510282441154558
8.4593837535014,0.13055045785329492
8.463385354141657,-0.03508535755165659
8.467386954781913,-0.15972696661866018
8.47138855542217,-0.10939036249370193
8.475390156062426,0.08732078165603357
8.47939175670268,0.2657692636038993
8.483393357342937,0.2782172146015146
8.487394957983193,0.13105911655509042
8.49139655862345,-0.02113802150565605
8.495398159263706,-0.01925047724608331
8.499399759903962,0.1525532000485904
8.503401360544219,0.3520855777258711
8.507402961184473,0.4112175237779895
8.51140456182473,0.29205609267588134
8.515406162464986,0.12212984467275953
8.519407763105242,0.07589354800371553
8.523409363745499,0.2126374740634574
8.527410964385755,0.4213877540122773
8.531412565026011,0.5239868066885975
8.535414165666268,0.4405894773733014
8.539415766306522,0.26382471983937394
8.543417366946779,0.17272472206567502
8.547418967587035,0.2663835572323058
8.551420568227291,0.4718807846069688
8.555422168867548,0.6120113687623498
8.559423769507804,0.5698990896490963
8.56342537014806,0.3975633513402076
8.567426970788315,0.26757803641057276
8.571428571428571,0.31273259298717204
8.575430172068828,0.5026543583435705
8.579431772709084,0.6720131794223287
8.58343337334934,0.6741055228661411
8.587434973989597,0.5171344838950942
8.591436574629853,0.3565780595419792
8.59543817527011,0.3507357690198274
8.599439775910364,0.5136545513018752
8.60344137655062,0.7020695885445217
8.607442977190876,0.7484923773805783
8.611444577831133,0.6168038031137483
8.61544617847139,0.435802242519163
8.619447779111646,0.3795396496250588
8.623449379751902,0.5056164975493825
8.627450980392156,0.701663756937398
8.631452581032413,0.7897315408056502
8.635454181672669,0.6916046751327349
8.639455782312925,0.5014627668949183
8.643457382953182,0.39838169456627714
8.647458983593438,0.47996489882587384
8.651460584233694,0.6716653023628057
8.65546218487395,0.7960401384401143
8.659463785514205,0.7375991659315182
8.663465386154462,0.5500980238746945
8.667466986794718,0.4065984292043634
8.671468587434974,0.4386905826666032
8.67547018807523,0.6142443173688439
8.679471788715487,0.7672613271261324
8.683473389355743,0.7520949811240165
8.687474989995998,0.5787635322273286
8.691476590636254,0.40364725101399157
8.69547819127651,0.38421208354572817
8.699479791916767,0.5327253001399985
8.703481392557023,0.7048650681382149
8.70748299319728,0.7338059430337078
8.711484593837536,0.5852113877329188
8.71548619447779,0.38914126019487466
8.719487795118047,0.31923138116551397
8.723489395758303,0.43139047372055683
8.72749099639856,0.6118691724652479
8.731492597038816,0.6829463232466563
8.735494197679072,0.5680472615135964
8.739495798319329,0.36289491435391935
8.743497398959585,0.24659250345779773
8.74749899959984,0.3152443009799543
8.751500600240096,0.49268503845266104
8.755502200880352,0.6012526389626476
8.759503801520609,0.5268545631069479
8.763505402160865,0.3249768571463044
8.767507002801121,0.16915074565913593
8.771508603441378,0.1897526190169387
8.775510204081632,0.3528963730632323
8.779511804721889,0.491930227683673
8.783513405362145,0.46227664982447847
8.787515006002401,0.2757650777136914
8.791516606642658,0.08965885979230762
8.795518207282914,0.06057064744290647
8.79951980792317,0.19898259490764897
8.803521408563427,0.35952583797931137
8.807523009203681,0.37604984784201023
8.811524609843937,0.21599872407204726
8.815526210484194,0.010674845623295126
8.81952781112445,-0.06672585292633701
8.823529411764707,0.03800137745252656
8.827531012404963,0.20973139976992317
8.83153261304522,0.27098246339208437
8.835534213685474,0.14682049711940243
8.83953581432573,-0.06550594315456695
8.843537414965986,-0.18689275693784876
8.847539015606243,-0.12275324080959316
8.8515406162465,0.04912784812855481
8.855542216886755,0.15087777936563426
8.859543817527012,0.06980364020156936
8.863545418167266,-0.1368936344911601
8.867547018807523,-0.29524105177372406
8.871548619447779,-0.27609967617991305
8.875550220088035,-0.1151188383258965
8.879551820728292,0.02040209959126915
8.883553421368548,-0.013041874371965523
8.887555022008804,-0.20182275686294443
8.89155662264906,-0.3878216633343393
8.895558223289315,-0.4153069122287094
8.899559823929572,-0.27559454674781214
8.903561424569828,-0.11509795421732322
8.907563025210084,-0.09928829806738682
8.91156462585034,-0.25895005225318823
8.915566226490597,-0.4615642345773534
8.919567827130853,-0.53440507233448
8.923569427771108,-0.42499013791615464
8.927571028411364,-0.24982165371137083
8.93157262905162,-0.18613705301586406
8.935574229691877,-0.3072353375192675
8.939575830332133,-0.5143653132391812
8.94357743097239,-0.6284533083087129
8.947579031612646,-0.5564529703264556
8.951580632252902,-0.3777739020738958
8.955582232893157,-0.27049471643817896
8.959583833533413,-0.34591050178116445
8.96358543417367,-0.5451243877487867
8.967587034813926,-0.6937523298770815
8.971588635454182,-0.6639189685125323
8.975590236094439,-0.49304623901649824
8.979591836734695,-0.3490770592206145
8.98359343737495,-0.37444219739298257
8.987595038015206,-0.5537291392205563
8.991596638655462,-0.7279920027155745
8.995598239295719,-0.7424082299584287
8.999599839935975,-0.590105185645349
9.003601440576231,1.0814619527496179
9.007603041216488,1.1075062303779655
9.011604641856744,0.9590060154279185
9.015606242496998,0.7696719995532164
9.019607843137255,0.7117310531993142
9.023609443777511,-0.6640730636979999
9.027611044417768,-0.47561866932306657
9.031612645058024,-0.39989149150943387
9.03561424569828,-0.5085583204180655
9.039615846338537,-0.7013853062418501
9.043617446978791,-0.7993570238271938
9.047619047619047,-0.7109862899214912
9.051620648259304,-0.5173086192992113
9.05562224889956,-0.3965992751675518
9.059623849539816,-0.45875271640969756
9.063625450180073,-0.6431902091596156
9.06762705082033,-0.7751420647370585
9.071628651460584,-0.7280168486099299
9.07563025210084,-0.541012369422289
9.079631852741096,-0.3827047983155887
9.083633453381353,-0.39444256149316836
9.087635054021609,-0.5590361170956968
9.091636654661865,-0.7167341972104377
9.095638255302122,-0.713644166552749
9.099639855942378,-0.544710144990425
9.103641456582633,-0.35841851835035554
9.107643057222889,-0.3188592874389956
9.111644657863145,-0.4532918135853357
9.115646258503402,-0.6268303082858488
9.119647859143658,-0.6677668897918708
9.123649459783914,-0.5271038401632989
9.12765106042417,-0.3240854653320299
9.131652661064425,-0.2354292721526422
9.135654261704682,-0.33116354565916895
9.139655862344938,-0.5095824419137931
9.143657462985194,-0.5917469803939246
9.14765906362545,-0.4877380596659392
9.151660664265707,-0.280208137538861
9.155662264905963,-0.1476098922550241
9.15966386554622,-0.19842440455146418
9.163665466186474,-0.3703951428591499
9.16766706682673,-0.488381964112735
9.171668667466987,-0.42708725261205416
9.175670268107243,-0.22747739524295243
9.1796718687475,-0.0587410189924743
9.183673469387756,-0.061125752008249656
9.187675070028012,-0.21566219615549306
9.191676670668267,-0.3618048850943749
9.195678271308523,-0.3466013032632616
9.19967987194878,-0.16680707662091362
9.203681472589036,0.028081365685960452
9.207683073229292,0.07469409953601806
9.211684673869549,-0.05245631056659815
9.215686274509805,-0.21731535901176127
9.219687875150061,-0.24870389956722455
9.223689475790316,-0.09936724246847686
9.227691076430572,0.11010468986235127
9.231692677070829,0.20328912767701476
9.235694277711085,0.11181233865746452
9.239695878351341,-0.061148848605272
9.243697478991598,-0.1367404163927694
9.247699079631854,-0.026610566565221552
9.251700680272108,0.18498981552802513
9.255702280912365,0.31945911320147113
9.259703881552621,0.2697512834593759
9.263705482192877,0.09980529479655179
9.267707082833134,-0.014874796537285684
9.27170868347339,0.049713531668181266
9.275710284113647,0.25085106942003293
9.279711884753901,0.4187656586823245
9.283713485394157,0.4143366549597868
9.287715086034414,0.2583235694971394
9.29171668667467,0.11206216641873928
9.295718287314926,0.12756185793346422
9.299719887955183,0.3062678062475671
9.30372148859544,0.4977014042911311
9.307723089235695,0.539242181843878
9.31172468987595,0.4071901552204319
9.315726290516206,0.23876781501390745
9.319727891156463,0.20462135424853012
9.323729491796719,0.3502708042536972
9.327731092436975,0.5538060115364359
9.331732693077232,0.6391300010580706
9.335734293717488,0.5395437330889342
9.339735894357743,0.35969780603797263
9.343737494997999,0.278356388247276
9.347739095638255,0.38230821033045315
9.351740696278512,0.5857256074692458
9.355742296918768,0.709889156109879
9.359743897559024,0.6492116715577803
9.36374549819928,0.46932099812807454
9.367747098839537,0.34608015871297004
9.371748699479792,0.40219672971624565
9.375750300120048,0.5932155603143756
9.379751900760304,0.7488105525812582
9.38375350140056,0.7310143814626977
9.387755102040817,0.5623866678258526
9.391756702681073,0.4050490703823327
9.39575830332133,0.41006424422255916
9.399759903961584,0.5770895083402765
9.40376150460184,0.7546905939605323
9.407763105242097,0.7810239982990967
9.411764705882353,0.6341904093403261
9.41576630652261,0.4525769918970628
9.419767907162866,0.40629002894673016
9.423769507803122,0.5391203159561522
9.427771108443377,0.7278595384672049
9.431772709083633,0.7967637694075238
9.43577430972389,0.6808245422103725
9.439775910364146,0.48616445714506024
9.443777511004402,0.39144824219098395
9.447779111644659,0.48190093638994175
9.451780712284915,0.6701345860524291
9.455782312925171,0.7773374939224821
9.459783913565426,0.6993991089122319
9.463785514205682,0.503636240457689
9.467787114845938,0.3662594419983006
9.471788715486195,0.4086749019659023
9.475790316126451,0.5847016053375271
9.479791916766708,0.7234819273159091
9.483793517406964,0.6882206020411932
9.487795118047218,0.5032794578356572
9.491796718687475,0.3315536197232422
9.495798319327731,0.32314726158682155
9.499799919967987,0.47593303080913124
9.503801520608244,0.637539029115918
9.5078031212485,0.6469173817807163
9.511804721888756,0.483973527581805
9.515806322529013,0.2882467436695214
9.519807923169267,0.2292872024731607
9.523809523809524,0.3491526077803853
9.52781112444978,0.5233490873605127
9.531812725090036,0.5765032467712584
9.535814325730293,0.4453030450349664
9.539815926370549,0.23733119654043638
9.543817527010805,0.13113333398778165
9.54781912765106,0.21036017264358187
9.551820728291316,0.3860698705744662
9.555822328931573,0.4793736810141969
9.559823929571829,0.3876449346275448
9.563825530212085,0.1798788982243918
9.567827130852342,0.03261172105153429
9.571828731492598,0.0659314034423199
9.575830332132854,0.23193081288672268
9.579831932773109,0.35923275634415414
9.583833533413365,0.3122221477593203
9.587835134053622,0.11705445663470301
9.591836734693878,-0.06262468405376101
9.595838335334134,-0.07769161949208055
9.59983993597439,0.06793461974092063
9.603841536614647,0.22095233777483303
9.607843137254902,0.22111764726938238
9.611844737895158,0.050134498798155916
9.615846338535414,-0.15132843607837174
9.61984793917567,-0.21430317245832864
9.623849539815927,-0.0984785940801735
9.627851140456183,0.07036891483566798
9.63185274109644,0.11724439046099044
9.635854341736694,-0.0194715025174534
9.63985594237695,-0.23075721330288382
9.643857543017207,-0.3382149212809301
9.647859143657463,-0.2597876038198066
9.65186074429772,-0.08597314164528569
9.655862344937976,0.00426938945981481
9.659863945578232,-0.09020400557711784
9.663865546218489,-0.2987383708204979
9.667867146858743,-0.4445017961619412
9.671868747499,-0.4087487715776968
9.675870348139256,-0.24112002115677203
9.679871948779512,-0.11350744247535224
9.683873549419769,-0.16034483246166922
9.687875150060025,-0.3536984571246264
9.691876750700281,-0.5292015688086652
9.695878351340536,-0.5387390526651293
9.699879951980792,-0.3880342412859618
9.703881552621048,-0.23131621162761226
9.707883153261305,-0.22802179970140665
9.711884753901561,-0.394659877174956
9.715886354541817,-0.5894598171777216
9.719887955182074,-0.6440661362593754
9.72388955582233,-0.5199316050059057
9.727891156462585,-0.3441156043076389
9.731892757102841,-0.2912301439931806
9.735894357743097,-0.4212087537427212
9.739895958383354,-0.6236151478527918
9.74389755902361,-0.7202303644117821
9.747899159663866,-0.6306122898445418
9.751900760304123,-0.44681850743754503
9.755902360944377,-0.3478730250551664
9.759903961584634,-0.4334395102764257
9.76390556222489,-0.6312229010586565
9.767907162865146,-0.7641256950907174
9.771908763505403,-0.7147689994512667
9.775910364145659,-0.5345340455396266
9.779911964785915,-0.3958217937055473
9.78391356542617,-0.4318826937117948
9.787915166066426,-0.613018894376402
9.791916766706683,-0.7741702507606321
9.795918367346939,-0.7682560203705706
9.799919967987195,-0.6028138574102141
9.803921568627452,-0.4329949547838098
9.807923169267708,-0.4174230301050077
9.811924769907964,-0.5708278806945466
9.815926370548219,-0.7503607405522046
9.819927971188475,-0.7883048262766448
9.823929571828732,-0.647889548170091
9.827931172468988,-0.4574529606571244
9.831932773109244,-0.3912146518620794
9.8359343737495,-0.5074241336383736
9.839935974389757,-0.6942490531969625
9.843937575030012,-0.7736744709985905
9.847939175670268,-0.6668880889351305
9.851940776310524,-0.46750427694413627
9.85594237695078,-0.3545998811558785
9.859943977591037,-0.4263537865979112
9.863945578231293,-0.6088433686544636
9.86794717887155,-0.7247282768416186
9.871948779511806,-0.6580125342562115
9.87595038015206,-0.4618166996984953
9.879951980792317,-0.3090369619593776
9.883953581432573,-0.331730131417225
9.88795518207283,-0.4984400076936177
9.891956782713086,-0.6434320836409972
9.895958383353342,-0.6206767790588672
9.899959983993599,-0.43952679219962526
9.903961584633853,-0.2560407937680119
9.90796318527411,-0.22801396223572454
9.911964785914366,-0.3683957219191806
9.915966386554622,-0.5332733750436351
9.919967987194878,-0.5555851289011491
9.923969587835135,-0.4003396483660907
9.927971188475391,-0.1971391462897775
9.931972789115648,-0.11979120486315603
9.935974389755902,-0.2248530373061503
9.939975990396158,-0.3991047220388211
9.943977591036415,-0.4647501134236443
9.947979191676671,-0.3446110491819997
9.951980792316927,-0.13384515277078357
9.955982392957184,-0.011559522275967404
9.95998399359744,-0.07443345195741778
9.963985594237695,-0.24691895447955836
9.967987194877951,-0.35144509773750476
9.971988795518207,-0.27340449532598493
9.975990396158464,-0.06764522173102369
9.97999199679872,0.09246560627071493
9.983993597438976,0.0760853542306397
9.987995198079233,-0.0835670711103759
9.991996798719487,-0.2200916737242103
9.995998399359744,-0.18851657335231556
10.0,5.495826165856285e-15
